type,start_time,ambient_temperature,test_id,uid,filename,Capacity,Re,Rct,d_voltage_mean,d_voltage_std,d_voltage_min,d_voltage_max,d_current_mean,d_current_std,d_current_min,d_current_max,d_temperature_mean,d_temperature_std,d_temperature_min,d_temperature_max,d_current_load_mean,d_current_load_std,d_current_load_min,d_current_load_max,d_voltage_load_mean,d_voltage_load_std,d_voltage_load_min,d_voltage_load_max,d_time_duration,d_energy_wh,d_charge_ah,d_voltage_slope,d_temperature_slope,c_voltage_mean,c_voltage_std,c_voltage_min,c_voltage_max,c_current_mean,c_current_std,c_current_min,c_current_max,c_temperature_mean,c_temperature_std,c_temperature_min,c_temperature_max,c_current_charge_mean,c_current_charge_std,c_current_charge_min,c_current_charge_max,c_voltage_charge_mean,c_voltage_charge_std,c_voltage_charge_min,c_voltage_charge_max,c_time_duration,c_energy_wh,c_charge_ah,c_voltage_slope,c_temperature_slope,imp_start_time,imp_Re,imp_Rct,imp_age_hours,battery_id,cycle_index,capacity_ah_clean,initial_capacity,capacity_ratio,soh,rul_cycles,cap_ratio_delta1,cap_ratio_rollmean5,cap_ratio_rollstd5,cap_ratio_slope5,prev_soh,prev_soh_delta1,prev_soh_rollmean5,prev_soh_rollstd5,prev_soh_slope5
discharge,2008-04-02 15:25:41.593,24.0,1,5738,05738.csv,1.89105229539079,,,3.522006703394617,0.2874452516516924,2.145975766935391,4.199497433806136,-1.8691188840185695,0.4752966796525294,-1.9968672421771276,0.0009103844987851,32.62485875142121,3.8821725491629793,23.92407356409745,40.59042914535701,-1.8782,0.4782362914468672,-2.0,-0.0004,2.4725939086294417,0.6578616008335036,0.0,4.215,3690.234,6.789434464560018,1.9190294812778448,-0.0002393785934269,0.003569908948097,4.189507926171337,0.0462860082403192,3.6448995932335473,4.214723891435149,0.657225274788553,0.6059862906478426,-2.2618666203475337,1.4946517877374688,25.115926436461898,1.035089782780446,23.922227422717448,27.29904441900397,0.6621883396704689,0.6090950084086603,-2.2697,1.4995,4.271169835234473,1.1048940840349633,0.002,4.935,7597.875,3.3882618981815105,0.8100391983943989,1.044924083358709e-05,-0.0003390122442021,,,,,B0007,1,1.89105229539079,1.8806626717011388,1.005524448294735,1.005524448294735,167.0,0.0,1.005524448294735,0.0,0.0,1.0,0.0,1.0,0.0,0.0
discharge,2008-04-02 19:43:48.406,24.0,3,5740,05740.csv,1.880637027686859,,,3.5319490434317116,0.2797089856913086,2.1110166987852117,4.198510349854315,-1.8680422715350309,0.4765995999482217,-1.9943911963511516,0.0036015506039289,32.738209593287145,3.767777623445933,24.261106709876195,40.26023408628707,-1.8775836734693876,0.4793554087487797,-2.0,-0.0004,2.4823724489795915,0.658157988489367,0.0,4.214,3672.344,6.7719351932569545,1.908614952935609,-0.0002339275724125,0.003483423046726,4.052903759371662,0.1953222855692542,2.905049544912642,4.214978847580325,0.9550493059431924,0.6431996658780816,-2.258223670085453,1.4969120601322317,26.756606170640403,1.5992596961344596,24.27813784997582,30.577385154985016,0.9614282978723404,0.646314442268109,-2.2691,1.4995,4.376724468085106,0.8912930301374098,0.002,4.935,10516.0,7.798728555478046,1.925498720701186,4.809243534208139e-05,-0.000416367808431,,,,,B0007,2,1.880637027686859,1.8806626717011388,0.9999863643732256,0.9999863643732256,166.0,-0.0055380839215093,1.0027554063339803,0.0039160166956794,0.0,1.005524448294735,0.0,1.0027622241473675,0.003906374851521559,0.0
discharge,2008-04-03 00:01:06.687,24.0,5,5742,05742.csv,1.8806626717011388,,,3.5344025220217845,0.2837265457450501,2.0251085128182655,4.198280074112568,-1.877784734502072,0.4584167741596034,-1.994681656822022,-0.0010276902277484,32.68511456550919,3.746724750145294,24.3190033925327,40.27558633997852,-1.8872092307692303,0.4613028396438838,-2.0,-0.0004,2.496902564102564,0.6374217826273153,0.0,4.215,3651.641,6.772981740189951,1.9086150443129848,-0.0002360076201041,0.0034869265030609,4.0484888632002844,0.1971152909126569,2.951646252509994,4.214688912633025,0.9566637790683152,0.6433943094285566,-2.259445364927154,1.495094509906803,26.78896518782561,1.5868116746119472,24.36116648870516,30.66376913104331,0.9630779082177162,0.6465870645401358,-2.2691,1.4995,4.354108858057631,0.9354477265971703,0.002,4.948,10484.547,7.763009341966283,1.919102315852996,4.9368527055374786e-05,-0.0004059224332472,,,,,B0007,3,1.8806626717011388,1.8806626717011388,1.0,1.0,165.0,1.3635626774366472e-05,1.0018369375559868,0.0031934852542114,-0.0027622241473674,0.9999863643732256,-0.00553808392150934,1.0018369375559868,0.0031934852542114898,-6.817813387258489e-06
discharge,2008-04-03 04:16:37.375,24.0,7,5744,05744.csv,1.8807709009833444,,,3.53492504932652,0.2900870287846463,1.922542180649595,4.198267468745592,-1.8875256535871223,0.4392237162661777,-1.9952731083659303,-0.0006983471237198,32.554748499572646,3.748713692085809,24.223578724887073,40.29314715799111,-1.8969360824742263,0.4420949541578929,-2.0,-0.0004,2.509113402061856,0.6158819236192952,0.0,4.214,3631.563,6.770718740979214,1.908792407567644,-0.0002391706919943,0.003508451811626,4.047760658857355,0.1970089282413379,2.9467994849709904,4.214772907108823,0.96029909817534,0.6421397401915959,-2.258309855573535,1.496642337061249,26.790949987534404,1.6241770817582486,24.29173650224435,30.79224591633916,0.9667372990353698,0.6452826567130528,-2.2691,1.4995,4.349350482315113,0.9479055189600394,0.002,4.935,10397.89,7.758242445066388,1.918113252120505,4.9896306339777585e-05,-0.0004250263651214,,,,,B0007,4,1.8807709009833444,1.8806626717011388,1.000057548482157,1.000057548482157,164.0,5.754848215699937e-05,1.0013920902875295,0.0027550780536299,-0.0016387063810959,1.0,1.3635626774366472e-05,1.0013777031669902,0.0027645042247618655,-0.0005538083921511315
discharge,2008-04-03 08:33:25.703,24.0,9,5746,05746.csv,1.8794508728285055,,,3.534536640068787,0.2922064159996837,1.871159045064988,4.198464224146956,-1.8871559747738404,0.439454184988277,-1.9935500451030048,0.0005983417342468,32.46787845303298,3.7573999948437544,24.13830760704513,40.26887263021979,-1.896936082474227,0.4420949541578929,-2.0,-0.0004,2.5085257731958763,0.6165770759384878,0.0,4.214,3629.172,6.764758586702278,1.9073013015924791,-0.0002399462135813,0.003518804577827,4.04822297570294,0.1969777060188474,2.939284531221614,4.21467779253526,0.9567567396064012,0.6439107299084044,-2.2598866834853135,1.496751926867408,26.726850930641444,1.6634070179604237,24.17858579594804,30.89342353302922,0.9627694770544292,0.6469066799455785,-2.2691,1.4995,4.344615795090715,0.956567189111774,0.002,4.935,10495.203,7.764155528862355,1.9197018135260304,4.931875551522497e-05,-0.0004372213420151,,,,,B0007,5,1.8794508728285055,1.8806626717011388,0.999355653254107,0.999355653254107,163.0,-0.0007018952280499,1.0009848028808448,0.00255387087955,-0.0012266405972324,1.000057548482157,5.754848215699937e-05,1.0011136722300236,0.0024658516550924246,-0.0005409351330421932
discharge,2008-04-03 12:55:10.687,24.0,11,5748,05748.csv,1.8807003517117404,,,3.5411626672196816,0.2667430847635834,2.1756867065903434,4.197967993115647,-1.8675154082122565,0.4775262409169319,-1.9941041745764116,-0.0004243475852501,32.48624734055599,3.7187797514899983,24.135840711684263,39.67620802332074,-1.8769579487179489,0.4804945709300243,-2.0,-0.0004,2.4888256410256413,0.6571511322554265,0.0,4.214,3652.281,6.7478547491483,1.8975851087731508,-0.0002269398514557,0.0034583326773609,4.049879067690307,0.1968689504770994,2.9488986408910622,4.2150694402361655,0.941081430882649,0.6499907374453199,-2.2568227959927976,1.4964952502128015,26.62077399993095,1.6506308272715042,24.190445945592884,30.821167500690837,0.947183088235294,0.6531199741937793,-2.2691,1.4995,4.2578298319327725,1.1265354127451477,0.002,4.935,10792.672,7.75575893316288,1.9180236258271988,4.751312021288498e-05,-0.0004183704305258,,,,,B0007,6,1.8807003517117404,1.8806626717011388,1.0000200354966198,1.0000200354966198,162.0,0.0006643822425127,0.999883920321222,0.0002965254833295,-5.770044991046941e-05,0.999355653254107,-0.0007018952280499757,1.0009848028808448,0.0025538708795501356,-0.0012266405972323627
discharge,2008-04-03 17:17:16.015,24.0,13,5750,05750.csv,1.8799352523566075,,,3.541165612176161,0.2711863392112483,2.1117887156019437,4.198023461704379,-1.8673304059806155,0.4774906738400573,-1.993164510431567,0.0005401764510727,32.55779966353037,3.715226156950988,24.255515986671373,39.80381766292616,-1.876956923076923,0.4804985763107799,-2.0,-0.0004,2.4896871794871793,0.6586163114690301,0.0,4.214,3650.828,6.745923115825768,1.8968013562318675,-0.0002291908826782,0.0034576364029119,4.050759108978297,0.1938519661238365,3.0030807978827,4.2147997979457195,0.9381438417793192,0.6512663815385707,-2.2585172923121335,1.4964453917963974,26.58924306987374,1.5567497445205642,24.288626077672,30.42191073996647,0.9443293067226892,0.6543660537840403,-2.2691,1.4995,4.235237394957983,1.1672985819223458,0.002,4.935,10789.985,7.714342828618135,1.9079514744642407,4.714662396947766e-05,-0.0003834343682642,,,,,B0007,7,1.8799352523566075,1.8806626717011388,0.9996132111539848,0.9996132111539848,161.0,-0.000406824342635,0.9998092896773738,0.0003109057146002,-8.11090677567794e-05,1.0000200354966198,0.000664382242512751,0.9998839203212219,0.00029652548333101677,-5.770044991051759e-05
discharge,2008-04-03 21:28:14.718,24.0,15,5752,05752.csv,1.8815088124038797,,,3.5494581176357975,0.2729782429415227,2.026250619894166,4.199372697237068,-1.9063154499484405,0.3979115030496563,-1.9936540341331743,-0.000328171819449,32.45374435641106,3.6675006928635696,24.30295214496604,39.88810476942348,-1.9162554973821984,0.4005316676810069,-2.0,-0.0006,2.542727748691099,0.5598448543639201,0.0,4.215,3572.453,6.750169011081445,1.8983109837889884,-0.0002315991240694,0.0034914217547676,4.044734526765342,0.1963285996677657,2.9992763559263356,4.214676316022421,0.9714237873848344,0.6379742607586015,-2.2581337056618764,1.4986271400537168,26.74846360058507,1.5384031030971992,24.314377908034484,30.51843120347988,0.9775202173913043,0.6410237126997963,-2.2691,1.4995,4.399827173913044,0.8252807358452218,0.002,4.935,10127.562,7.712855982677815,1.908070761285504,5.204790043948926e-05,-0.0003965761307194,,,,,B0007,8,1.8815088124038797,1.8806626717011388,1.0004499162531766,1.0004499162531766,160.0,0.0008367050991918,0.999899272928009,0.0004243219617751,0.0001042293441916,0.9996132111539848,-0.00040682434263494827,0.9998092896773738,0.0003109057146017579,-8.110906775679899e-05
discharge,2008-04-04 01:38:15.218,24.0,17,5754,05754.csv,1.8696907870385844,,,3.550280546407974,0.277129615448618,1.9505894332906035,4.19921182024681,-1.9164259300038171,0.3744374354627782,-1.99377953803378,0.0005697252689816,32.373246444985035,3.662879470802171,24.257530932186896,39.95162250671474,-1.926337894736842,0.3766349791394279,-2.0,-0.0006,2.5552315789473687,0.5325416010956392,0.0,4.215,3550.594,6.743937188969026,1.897456550946488,-0.0002337234672534,0.0035072333876591,4.043475031336312,0.19801263434603,2.9911876187954594,4.214795782824283,0.9708134573226748,0.6385610991927095,-2.257178725012606,1.4958460678502457,26.80373015807701,1.6403245038701662,24.300974781854062,31.081278437806464,0.9769462540716612,0.6416797654256838,-2.2691,1.4995,4.370522258414767,0.8971776906941975,0.002,4.948,10147.952999999994,7.7087946715231475,1.907601763398918,5.226205053183905e-05,-0.0004337718179507,,,,,B0007,9,1.8696907870385844,1.8806626717011388,0.9941659475526092,0.9941659475526092,159.0,-0.0062839687005672,0.9987209527420994,0.0025799211671835,-0.0009949530646438,1.0004499162531766,0.0008367050991917591,0.999899272928009,0.0004243219617761653,0.00010422934419175465
discharge,2008-04-04 05:48:08.609,24.0,19,5756,05756.csv,1.870052380139199,,,3.5481347674910286,0.2838129782679831,1.868824706765806,4.198957678253482,-1.9165016044519985,0.3742086617157418,-1.99378312138298,0.0035107556642499,32.30534276235138,3.678354666699587,24.18958371301619,40.05202185471829,-1.926337894736842,0.3766349791394279,-2.0,-0.0006,2.5536421052631577,0.5349954926674758,0.0,4.215,3551.25,6.741800535657847,1.897982499619964,-0.0002368170439452,0.0035210355219427,4.043487576569312,0.1983885676743441,2.9850080368215393,4.2147880916189155,0.969493151522299,0.638940102949481,-2.256867952684998,1.4969011213429315,26.78643062225572,1.6882514229837178,24.21765387078277,31.24066372289512,0.9757685124864278,0.6419969560533962,-2.2691,1.4995,4.379498371335505,0.8737721288572978,0.002,4.935,10162.094,7.707148717806839,1.907265114483532,5.224107297007946e-05,-0.0004509455502011,,,,,B0007,10,1.870052380139199,1.8806626717011388,0.9943582165363328,0.9943582165363328,158.0,0.0001922689837234,0.9977214653985446,0.0031725274083551,-0.0016770901521949,0.9941659475526092,-0.006283968700567355,0.9987209527420994,0.0025799211671839644,-0.0009949530646440245
discharge,2008-04-04 09:57:19.765,24.0,21,5758,05758.csv,1.8700442394188577,,,3.5484272148956437,0.2888963372471808,1.7896213776724978,4.198832114024662,-1.926771167846017,0.3483926910622938,-1.9942511729128336,-9.593499764332656e-05,32.183319483399806,3.687673913430504,24.062655752137022,40.1213838436794,-1.936526984126984,0.3505411875835588,-2.0,-0.0006,2.5636931216931216,0.5060574146121226,0.0,4.215,3530.25,6.7368460545816395,1.8978182133806856,-0.0002389829215049,0.0035482707152296,4.043393946582859,0.1985517743349728,2.978122589808053,4.2147872937326705,0.971049086675056,0.6380718327575945,-2.2593801599662027,1.49798050185915,26.71716357119239,1.7090226359227103,24.104222274848492,31.220976754395,0.9773697826086956,0.6411972350186836,-2.2691,1.4995,4.38439347826087,0.8622570568753728,0.002,4.935,10119.375,7.706555058027669,1.9070580921981135,5.252909312948761e-05,-0.0004614856953142,,,,,B0007,11,1.8700442394188577,1.8806626717011388,0.9943538878917204,0.9943538878917204,157.0,-4.328644612305865e-06,0.9965882358775648,0.0031581572419552,-0.0016610346241372,0.9943582165363328,0.00019226898372359802,0.9977214653985446,0.0031725274083555565,-0.0016770901521950372
discharge,2008-04-04 17:56:27.609,24.0,24,5761,05761.csv,1.8596518987766364,,,3.5560433603714667,0.27604177175305,1.910336108594535,4.198945227315025,-1.936979366983281,0.3204322222158979,-1.9938120330189373,-0.0018154689461531,32.378853181816005,3.63791535075196,24.334878490739897,40.174657039770814,-1.946539037433155,0.3225428849737687,-2.0,-0.0004,2.5809304812834224,0.4674702546873067,0.0,4.215,3491.016,6.708004507865959,1.887466154533748,-0.0002342146444273,0.0035392875286428,4.083839046288738,0.1415776232590217,3.4918452502663575,4.214635547971288,0.9327747701425856,0.6434678982730421,-2.259349558224372,1.4963590381220029,26.84939514355575,1.595492155232017,24.36186819225836,30.225464388780154,0.9390075808249724,0.6466767788361493,-2.2697,1.4995,4.369759197324415,0.9557977914000882,0.002,4.935,9586.875,6.898161457817228,1.6945662441356055,4.18664727899903e-05,-0.000482579415512,,,,,B0007,12,1.8596518987766364,1.8806626717011388,0.9888279949186756,0.9888279949186756,156.0,-0.0055258929730449,0.994431192630503,0.0041140769052197,-0.002305590232989,0.9943538878917204,-4.328644612416888e-06,0.9965882358775648,0.003158157241955796,-0.001661034624137287
discharge,2008-04-04 22:01:54.671,24.0,26,5763,05763.csv,1.8590746560862208,,,3.5604849642800684,0.2717170193494011,1.9086884059809104,4.1990513028067955,-1.947065774665518,0.2882487625048244,-1.9942213710086447,0.0021769059281878,32.2913249500013,3.582678179632667,24.352069874766624,40.016434730174936,-1.9570010752688176,0.2900436048028224,-2.0,-0.0004,2.5966720430107526,0.4274994246026666,0.0,4.215,3470.281,6.708691704147774,1.886953396242264,-0.0002314690910801,0.0035059122359932,4.042846696176429,0.1963221875321168,3.0148726955046894,4.214697666122234,0.9765825046761388,0.6359693093657752,-2.257250955728727,1.496743154394965,27.007028938797088,1.7477888765695258,24.358368588325742,31.747377634153153,0.9828961622807018,0.6390336150114937,-2.2691,1.4995,4.394621710526316,0.8407854205113471,0.002,4.948,9952.359,7.659904482347304,1.895728998949608,5.3373104186767095e-05,-0.0004798424983791,,,,,B0007,13,1.8590746560862208,1.8806626717011388,0.988521059124659,0.988521059124659,155.0,-0.0003069357940165,0.9920454212047994,0.0030800824932337,-0.0016819998473557,0.9888279949186756,-0.005525892973044844,0.9944311926305028,0.0041140769052202325,-0.0023055902329890813
discharge,2008-04-05 02:20:26.703,24.0,28,5765,05765.csv,1.8590084577709232,,,3.5562872542469752,0.2826191895837473,1.7868782934275431,4.198107645780677,-1.946961601670498,0.2883646179237529,-1.9939995868905829,-0.0004508051048845,32.14782797344657,3.622670216832461,24.125190486792462,40.16569230743226,-1.9570010752688176,0.2900436048028224,-2.0,-0.0004,2.5927365591397846,0.4334856603114887,0.0,4.214,3470.0,6.699986179131589,1.8867286703615065,-0.0002363617518806,0.0035440341895219,4.048321143107591,0.196429568424285,3.002645300353557,4.21478322848139,0.9367527511198253,0.6521611291745204,-2.2577026727640215,1.4954900975923258,26.826630905506512,1.8269531847638805,24.192075362622663,31.779134469034663,0.9428737118822292,0.655275234731294,-2.2691,1.4995,4.208594111461619,1.2060692483807125,0.002,4.935,10758.031000000004,7.660829731652196,1.896207295278864,4.798565494500207e-05,-0.0004738356326452,,,,,B0007,14,1.8590084577709232,1.8806626717011388,0.9884858596621008,0.9884858596621008,154.0,-3.519946255836626e-05,0.9909094036266975,0.0031491585922362,-0.0017577542515525,0.988521059124659,-0.0003069357940165274,0.9920454212047994,0.003080082493234465,-0.001681999847355843
discharge,2008-04-05 06:25:01.890,24.0,30,5767,05767.csv,1.8593622586957048,,,3.5647746218187324,0.2549992595793087,2.1361343961784502,4.19925638222589,-1.946851050742258,0.2889420202723332,-1.994356138623711,-0.0011324628611877,32.01380948237792,3.570709862627515,24.072501109913752,39.46139677634257,-1.9567697297297295,0.290801901834802,-2.0,-0.0006,2.600535135135135,0.4201831776970329,0.0,4.215,3450.297,6.677306716245749,1.8759711783647024,-0.0002249162577282,0.0035154095304921,4.042805773132121,0.1972893013907486,2.9902562041660516,4.21480753341866,0.9780048981914566,0.6350159936857043,-2.2587594242447993,1.4976970462895745,26.845102423271214,1.8136909767748304,24.094997248461706,31.742574167707367,0.9842308452250276,0.638057048868353,-2.2691,1.4995,4.412373216245884,0.7891299500419512,0.002,4.935,9921.75,7.662771242108353,1.8962371093370716,5.3629996526372554e-05,-0.0005068640318726,,,,,B0007,15,1.8593622586957048,1.8806626717011388,0.9886739853319008,0.9886739853319008,153.0,0.0001881256697999,0.9897725573858112,0.0025646387146234,-0.0011701940376214,0.9884858596621008,-3.5199462558255235e-05,0.9909094036266977,0.0031491585922370294,-0.0017577542515526338
discharge,2008-04-05 10:30:32.312,24.0,32,5769,05769.csv,1.8587355450601035,,,3.565438928797127,0.2598113371383103,2.0133501283179167,4.199087384946408,-1.957406371900557,0.2517107639272867,-1.9935665024864544,0.0005922421493807,31.881310103471357,3.5607713646101,23.938131916668528,39.5636595172155,-1.9674,0.2532189832501917,-2.0,-0.0004,2.6122010869565218,0.3794936096713978,0.0,4.215,3429.407,6.670158805806246,1.8754208508926609,-0.0002266484737427,0.0035271315117774,4.045560380508014,0.19271175219811,3.0484265884792863,4.214941550491233,0.9713299948475256,0.6375155001757481,-2.259076929798671,1.4953726933783906,26.64132190339396,1.756593799517432,23.988797791398166,31.367092340830315,0.9776390590809628,0.6406675154526147,-2.2691,1.4995,4.380451859956237,0.8762306983560991,0.002,4.935,10000.25,7.617738610120436,1.8845649232206916,5.22754809297087e-05,-0.0004828160352329,,,,,B0007,16,1.8587355450601035,1.8806626717011388,0.9883407444774766,0.9883407444774766,152.0,-0.000333240854424,0.9885699287029625,0.0001866863694982,-8.215746751564224e-05,0.9886739853319008,0.0001881256697999767,0.9897725573858113,0.0025646387146244115,-0.0011701940376213375
discharge,2008-04-05 14:34:41.468,24.0,34,5771,05771.csv,1.847817291322145,,,3.565961679108638,0.2666938102935131,1.8575547668336485,4.199009971925293,-1.9680136940585704,0.2065885715543249,-1.993742172224942,-0.0019590482402041,31.854304304240515,3.552969052142723,23.932016714666645,39.628948319501816,-1.9781475409836065,0.2078856944272624,-2.0,-0.0004,2.6224972677595626,0.3362979077832927,0.0,4.215,3409.484,6.653374361102632,1.8699736967312737,-0.0002284829937096,0.0035390859739627,4.044533741116961,0.1938857140373735,3.040816842807257,4.214888859693616,0.97369600613421,0.6365407410685279,-2.2573066258252825,1.497398591968468,26.630410829604692,1.794095052490242,23.967249593082705,31.5483245449075,0.980095828759605,0.6395715512772886,-2.2691,1.4995,4.380650933040615,0.8777103877102739,0.002,4.935,9936.031,7.610627195113805,1.8830047135286183,5.2894707410722935e-05,-0.000496141416059,,,,,B0007,17,1.847817291322145,1.8806626717011388,0.9825352090658108,0.9825352090658108,151.0,-0.0058055354116656,0.9873113715323896,0.002672583926257,-0.001211681530232,0.9883407444774766,-0.0003332408544242105,0.9885699287029626,0.00018668636951473853,-8.215746751570691e-05
discharge,2008-04-05 18:39:25.218,24.0,36,5773,05773.csv,1.8485252916137047,,,3.572496559005355,0.2443446202400193,2.1657556124208934,4.1985172274243965,-1.9680499927642308,0.2072756278223803,-1.9946244036549008,0.0004326258514957,31.856555404576753,3.5240064913765976,23.976819790445433,39.22534721491488,-1.9780274725274725,0.2084496985550178,-2.0,-0.0004,2.6290219780219783,0.3211361006199119,0.0,4.214,3390.422,6.6277732024911185,1.8595965985300904,-0.0002195865559084,0.0035306077140587,4.044230721552821,0.1949646980603592,3.028214472456539,4.214844274151372,0.9714159558670732,0.6376752050885822,-2.2555994965654356,1.4956044840220852,26.732842671781057,1.8570394046378955,24.008525704308667,31.877731734386295,0.977786199342826,0.6407109117264821,-2.2691,1.4995,4.360902519167579,0.9231668922678148,0.002,4.935,9989.532,7.612758689037261,1.8837154778582357,5.2748137684704015e-05,-0.0005147079176277,,,,,B0007,18,1.8485252916137047,1.8806626717011388,0.9829116722679648,0.9829116722679648,150.0,0.0003764632021537,0.9861894941610506,0.0031690607731797,-0.0017287151054361,0.9825352090658108,-0.00580553541166573,0.9873113715323896,0.0026725839262584836,-0.0012116815302321386
discharge,2008-04-05 22:46:35.484,24.0,38,5775,05775.csv,1.848378951850034,,,3.5699492020415136,0.2532936670816869,2.0270686341513207,4.198245740608724,-1.9680218912213907,0.2071688448563672,-1.994455565707021,-0.0024409084852146,31.86718260708393,3.5311983271559155,23.9807756950204,39.4126321606434,-1.9780285714285712,0.2084392732002414,-2.0,-0.0006,2.627120879120879,0.3271875771831251,0.0,4.214,3390.281,6.62293376974925,1.8594934150547344,-0.000223655615551,0.003538336323049,4.0483283369868595,0.1897760970660536,3.0748162871179514,4.214811027824689,0.9597080129511604,0.6423653778033186,-2.2572421269163248,1.4964859080218151,26.68061249572974,1.814265433508102,24.040685182123553,31.64827378798208,0.9661138828633408,0.6454762127095471,-2.2691,1.4995,4.30205748373102,1.0527180366040565,0.002,4.935,10158.782,7.574719968757333,1.873621744992687,5.051296057813496e-05,-0.0004941195880194,,,,,B0007,19,1.848378951850034,1.8806626717011388,0.982833859396006,0.982833859396006,149.0,-7.781287195873787e-05,0.9850590941078318,0.0031531632330408,-0.0017109324081301,0.9829116722679648,0.0003764632021540093,0.9861894941610508,0.0031690607731810886,-0.001728715105436164
discharge,2008-04-18 21:10:19.796,24.0,41,5778,05778.csv,1.8807805437609768,,,3.5464338449590023,0.2870418502164071,1.905311669649934,4.196262462698172,-1.9066656790606795,0.3970264906393027,-1.9992261048783584,-0.0008292148953224,32.35216872128999,3.620078674753868,24.35868522365832,39.95874037686836,-1.916691666666667,0.3995327311546438,-2.0,-0.0006,2.5370052083333334,0.5629690220292232,0.0,4.212,3591.734,6.7842294783474495,1.9087580832358864,-0.0002377494889186,0.0034268581284586,4.074946565045077,0.1525412975885532,3.271506410443981,4.21474637892319,0.9481045644637048,0.6453320902423333,-2.2565961562150756,1.495914499365525,25.34511515663789,1.4096997982550317,23.699824143298056,28.79758724840639,0.953582100750268,0.6485253059237196,-2.2691,1.4995,4.347907824222936,1.0022877240344426,0.002,4.948,10289.312,7.595676755058879,1.868822192878248,4.14774087064385e-05,3.565286229387444e-05,2008-04-18 20:55:29.859,0.0381681360994608,0.0615809457422944,0.2472047222222222,B0007,20,1.8807805437609768,1.8806626717011388,1.000062675811889,1.000062675811889,148.0,0.0172288164158829,0.9873368322038294,0.0075144747773127,0.0023742512999019,0.982833859396006,-7.78128719588489e-05,0.9850590941078318,0.0031531632330422913,-0.0017109324081301751
discharge,2008-04-19 02:29:09.000,24.0,45,5782,05782.csv,1.88147215974436,,,3.5531968089006387,0.2883972011276421,1.7951975189442124,4.1969587758867,-1.9267118604677655,0.3474355799752832,-1.9940266531677509,0.0007573311396121,32.60219299451182,3.609319632122495,24.65025766803762,40.31302300333008,-1.9368610526315784,0.3496476579267031,-2.0,-0.0006,2.5664526315789473,0.5038398402253815,0.0,4.213,3552.297,6.788565185044576,1.9093375745978096,-0.0002370499505689,0.0034548361683777,4.0497034511262955,0.1894938492843821,2.9686635921177515,4.214913925322058,0.9677294548207196,0.6415351394852313,-2.257614950089563,1.503748163338085,25.81811264335102,1.279053119926628,24.53498109749642,29.15641159378297,0.973686947141316,0.6450530376428232,-2.2691,1.4995,4.357154261057174,0.9524719743153436,0.002,4.948,10283.077999999994,7.777058977638834,1.92262646973084,4.941451051436594e-05,9.918995255225012e-06,2008-04-19 02:14:27.015,0.0397131229201359,0.0618065433968296,0.2449958333333333,B0007,21,1.88147215974436,1.8806626717011388,1.000430427027346,1.000430427027346,147.0,0.0003677512154571,0.9897547687138032,0.0095795566890306,0.0052941439466994,1.000062675811889,0.01722881641588292,0.9873368322038294,0.007514474777313266,0.002374251299902019
discharge,2008-04-19 07:47:15.703,24.0,49,5786,05786.csv,1.8810954313244783,,,3.5599340214678805,0.262396085205122,2.1058524852518143,4.197071720130598,-1.9260915660103672,0.3484920989459363,-1.993858646326954,0.0013452537587627,32.19571819720114,3.5383074860799546,24.306273974736932,39.359447242364645,-1.936526984126984,0.3505411875835588,-2.0,-0.0006,2.5725449735449737,0.4941424877926715,0.0,4.213,3531.578,6.759032566671403,1.8977991805073424,-0.0002259480773377,0.003406808880162,4.047740326560617,0.1914136643536277,2.9578028920213355,4.214664287644461,0.9694986654654368,0.6418048602946806,-2.257687343623163,1.4972768268317336,25.90854556155513,1.2333656975916836,24.54106609251165,29.1544231457191,0.9749508658008658,0.64493042608532,-2.2691,1.4995,4.343107142857143,0.973803648524545,0.002,4.948,10281.39,7.772342366108819,1.922249069060428,4.989312913865683e-05,-6.76470718184025e-05,2008-04-19 07:32:33.656,0.0384014639910651,0.0610013038468072,0.2450130555555555,B0007,22,1.8810954313244783,1.8806626717011388,1.0002301101786364,1.0002301101786364,146.0,-0.0002003168487096,0.9932937489363683,0.0095139431579236,0.0052233443452683,1.000430427027346,0.00036775121545717937,0.9897547687138033,0.009579556689030894,0.005294143946699426
discharge,2008-04-19 13:01:42.562,24.0,53,5790,05790.csv,1.8710089649779995,,,3.5595604968238,0.2755055664428784,1.846021007590992,4.19690260801443,-1.9468340181835688,0.2875425978967295,-1.9927272592846583,0.0006146261200233,31.805988160181123,3.536595679963743,23.946713982155597,39.454159451189874,-1.957232085561497,0.2892768114158533,-2.0,-0.0006,2.593903743315508,0.4282999115854011,0.0,4.213,3492.907,6.749769979363801,1.8988743799039816,-0.0002308844304144,0.0034403366175653,4.047339918204985,0.1896081522365714,3.0136515578797805,4.214683020359257,0.9763265840568764,0.637954633958524,-2.2566610651846633,1.497033123341074,25.457306030924418,1.2414792603780245,24.136531653546665,28.71481831414117,0.9817844638949672,0.6410688142597467,-2.2691,1.4995,4.37532056892779,0.901001083814137,0.002,4.935,10081.797,7.724883237853858,1.9102722007426796,5.103048594040115e-05,-5.1360089117410814e-05,2008-04-19 12:47:00.421,0.0371051772037323,0.0600756510818989,0.2450391666666666,B0007,23,1.8710089649779995,1.8806626717011388,0.9948668589702974,0.9948668589702974,145.0,-0.005363251208339,0.9956847862768348,0.0075525214177373,0.002423343351533,1.0002301101786364,-0.0002003168487096918,0.9932937489363685,0.009513943157923772,0.0052233443452681955
discharge,2008-04-19 18:27:29.828,24.0,57,5794,05794.csv,1.8701995151941375,,,3.552385161941813,0.2881767172049014,1.7370300333706354,4.1966416719103465,-1.9364196896718648,0.3198201269594437,-1.9934659604006035,-0.0002739360521714,31.737001978644926,3.6015349556344587,23.7951049382806,39.64174827400944,-1.946823404255319,0.3217074174323064,-2.0,-0.0004,2.576686170212766,0.4717632975949625,0.0,4.213,3511.594,6.739468507067623,1.8980061904892396,-0.0002372144458291,0.0034850326323259,4.052602643278332,0.1897481547963758,2.99318874261262,4.214632473773596,0.9401045747552432,0.6522454917999334,-2.25873311675073,1.4975499467220157,25.208124224769332,1.23848808917419,23.937739305737637,28.533877426349584,0.9454895789473684,0.655366203846394,-2.2691,1.4995,4.219046315789473,1.200735920816504,0.002,4.948,10797.328,7.729719662052378,1.9114380026655369,4.6352262688416334e-05,-6.795403402534761e-05,2008-04-19 18:12:47.531,0.0378339460339389,0.061293760421866,0.2450825,B0007,24,1.8701995151941375,1.8806626717011388,0.9944364522865036,0.9944364522865036,144.0,-0.0004304066837939,0.9980053048549344,0.0030679921267831,-0.0016816015107819,0.9948668589702974,-0.005363251208339026,0.9956847862768349,0.007552521417737417,0.0024233433515329487
discharge,2008-04-19 23:41:55.687,24.0,61,5798,05798.csv,1.8706715362800983,,,3.5707670304281067,0.2505087558173121,2.0506492642329937,4.1971302559922,-1.9675984733558023,0.2061696647227011,-1.993000639305042,-0.0003786300348992,31.51707667966367,3.467097459094623,23.718457017715572,38.86906912217273,-1.978267391304348,0.207315873838374,-2.0,-0.0006,2.624940217391305,0.3243385940648333,0.0,4.213,3431.937000000006,6.703873729649671,1.8818429649996575,-0.0002190498402862,0.0034318711332744,4.048938302632183,0.1891529984714605,2.983016469304486,4.214717049746853,0.9744267167666858,0.6380917477156635,-2.25410399402555,1.4998085716692229,25.198908450122424,1.2326636999771086,23.886082644381183,28.46161610072502,0.979857423580786,0.6410111005649672,-2.2691,1.4995,4.385508733624453,0.8768762933085364,0.002,4.935,10099.218,7.72834765801044,1.9104392919651736,5.056521459216926e-05,-5.327801847688998e-05,2008-04-19 23:27:13.343,0.0375204254053658,0.0600731341862481,0.2450955555555555,B0007,25,1.8706715362800983,1.8806626717011388,0.9946874388632372,0.9946874388632372,143.0,0.0002509865767336,0.996930257465204,0.0031083407066119,-0.001727963422035,0.9944364522865036,-0.00043040668379379365,0.9980053048549344,0.0030679921267829035,-0.0016816015107819257
discharge,2008-04-20 04:54:41.734,24.0,65,5802,05802.csv,1.8596124644020169,,,3.5657224847439295,0.2672429322671614,1.8254369744762284,4.19652461108806,-1.9680130544442065,0.2060166906789619,-1.9947910338783703,-0.0014954156580665,31.442860781038384,3.4910890369414163,23.64183560576637,39.11839966443177,-1.978266304347826,0.207326243004874,-2.0,-0.0004,2.6197717391304347,0.3361104600800699,0.0,4.213,3431.125,6.694608974354447,1.8818176729063296,-0.0002263361225529,0.0034567442359024,4.05016241592548,0.1861171823823864,3.042010563367481,4.214644865560644,0.9719628515731636,0.6388848647966507,-2.252053665117908,1.4974133892989747,25.088377505443955,1.2385280304222874,23.79804785008748,28.386930544540967,0.9773261202185792,0.6418817965896401,-2.2691,1.4995,4.352604371584699,0.9562818975186516,0.002,4.935,10078.719,7.682019876448337,1.8987506900256184,5.0152231868201936e-05,-5.088355584178823e-05,2008-04-20 04:39:59.296,0.0373972713715067,0.0612330724542185,0.2451216666666666,B0007,26,1.8596124644020169,1.8806626717011388,0.9888070265785192,0.9888070265785192,142.0,-0.0058804122847178,0.9946055773754388,0.0040423425531925,-0.0023025587307294,0.9946874388632372,0.0002509865767336139,0.996930257465204,0.0031083407066118222,-0.001727963422035024
discharge,2008-04-20 10:16:28.859,24.0,69,5806,05806.csv,1.860033909718346,,,3.5712835067487094,0.2454629972635874,2.134879000684994,4.196790308710931,-1.9675572757550353,0.2067971048262254,-1.9956093835681803,0.0005398984445576,31.32326275303232,3.477481789559444,23.519892775337357,38.68010761281634,-1.9781486338797811,0.2078752972804734,-2.0,-0.0006,2.6257158469945354,0.3211751920004455,0.0,4.213,3412.406,6.666595714140786,1.871185272755064,-0.0002180317823421,0.0034622321385988,4.054313355152662,0.1859527944334219,3.028783313945245,4.21482514567111,0.9443066238369472,0.6498624855048619,-2.2596917073338147,1.4959653388775918,24.994883820641892,1.2423385117429748,23.68749336295935,28.336534625568376,0.9496031847133758,0.6528520221572943,-2.2691,1.4995,4.2419925690021225,1.1656695828483736,0.002,4.948,10617.375,7.688114788242565,1.9001597932620455,4.6565313535835226e-05,-7.319233043601262e-05,2008-04-20 10:01:46.156,0.0359196800988642,0.0605706911170167,0.2451952777777777,B0007,27,1.860033909718346,1.8806626717011388,0.98903112062934,0.98903112062934,141.0,0.0002240940508208,0.9923657794655796,0.0031511053078335,-0.0017300902389898,0.9888070265785192,-0.0058804122847180285,0.9946055773754388,0.004042342553192785,-0.0023025587307295182
discharge,2008-04-20 15:37:05.281,24.0,73,5810,05810.csv,1.8591653109160768,,,3.56797162748914,0.256383090128758,1.970455493406623,4.196693048697735,-1.967618505240168,0.2065711513338981,-1.9936520198661496,-8.502750867487407e-05,31.28571570579735,3.496093238915817,23.467259682273063,38.863045678198645,-1.9781475409836065,0.2078856944272624,-2.0,-0.0004,2.6219016393442622,0.3285938598808731,0.0,4.213,3410.688,6.657658351293735,1.8703076498430444,-0.0002230418463692,0.0034832359383108,4.056876740812042,0.1809243970912852,3.0803594727149934,4.214813104899418,0.9442998697568392,0.6492477627413676,-2.2556992275076393,1.4966345150093276,24.88975595599089,1.2483214945230865,23.60774835801976,28.23465144539435,0.9496308839190628,0.6522552529651443,-2.2691,1.4995,4.253383386581469,1.1513111782483327,0.002,4.948,10564.157,7.647630073270044,1.8892616385345753,4.5972616089387825e-05,-7.055350405354597e-05,2008-04-20 15:22:22.640,0.0373857989211497,0.0613173760292053,0.2451780555555555,B0007,28,1.8591653109160768,1.8806626717011388,0.9885692627877722,0.9885692627877722,140.0,-0.0004618578415678,0.9911062602290744,0.0031600654781404,-0.0017390697231359,0.98903112062934,0.00022409405082080003,0.9923657794655796,0.003151105307834257,-0.001730090238990072
discharge,2008-04-20 20:50:38.921,24.0,77,5814,05814.csv,1.8481398178778288,,,3.5646314038791784,0.2688392479727567,1.813269430976001,4.197078923354,-1.9678214300979184,0.2065564568256399,-1.9944764248874856,-0.0021454320098209,31.331850868998007,3.5126895678617203,23.492198340361576,39.14531169811219,-1.9781475409836065,0.2078856944272624,-2.0,-0.0004,2.6185792349726777,0.3377845095165853,0.0,4.213,3410.718,6.6523732824954225,1.870485787180345,-0.0002285707585109,0.0035003106632753,4.053513642975223,0.1821044137899516,3.076762082909564,4.214716067860107,0.9650472361533328,0.6406817720347786,-2.258604715115658,1.4970927370063392,24.914746778130716,1.2477057807828464,23.631721187820823,28.256499193062336,0.9705677559912854,0.6438714687783029,-2.2691,1.4995,4.349185185185186,0.9655545656777864,0.002,4.935,10143.984,7.6420441309451395,1.8878936224991831,4.883020701616764e-05,-5.281141717520467e-05,2008-04-20 20:35:56.187,0.0378905884196738,0.06032875855026,0.2452038888888889,B0007,29,1.8481398178778288,1.8806626717011388,0.982706705294527,0.982706705294527,139.0,-0.0058625574932452,0.9887603108306792,0.0042393692444894,-0.0024199230928167,0.9885692627877722,-0.00046185784156771437,0.9911062602290744,0.003160065478141377,-0.0017390697231360536
discharge,2008-04-21 02:15:02.921,24.0,81,5818,05818.csv,1.849201702126164,,,3.568983888921194,0.2510097241436422,2.0483657324095637,4.196062203382386,-1.9675056354779952,0.2070579900700325,-1.9940826161567085,-0.0025121744881896,31.32285733932258,3.4937493267933277,23.51112503683739,38.8380564174779,-1.9780274725274725,0.2084496985550178,-2.0,-0.0004,2.6230274725274723,0.3251947418461454,0.0,4.212,3392.719,6.624137179951853,1.8603470811914904,-0.0002217861758737,0.0034990345596254,4.058658000726498,0.1803472111667694,3.0701709984672556,4.21480821414822,0.9333752539886808,0.6532246063912783,-2.2587445007906664,1.5028674944223237,24.945473030337094,1.245708696402852,23.652849924278417,28.319210692991568,0.938804847207587,0.6563105523252463,-2.2691,1.4995,4.19431506849315,1.2470208244287786,0.002,4.935,10790.452999999994,7.63955728689982,1.8871140223412008,4.446797084265088e-05,-7.794589165971015e-05,2008-04-21 02:00:19.968,0.0371572295753325,0.061034792696747,0.2452647222222222,B0007,30,1.849201702126164,1.8806626717011388,0.9832713383168726,0.9832713383168726,138.0,0.0005646330223456,0.9864770907214062,0.0031945855979505,-0.0017395791858106,0.982706705294527,-0.005862557493245268,0.9887603108306792,0.004239369244490426,-0.0024199230928167678
discharge,2008-04-22 15:33:49.875,24.0,85,5822,05822.csv,1.8834677437950849,,,3.564620688944316,0.242356483976059,2.181560983985832,4.206531081984383,-1.9683447778186904,0.2052121714544894,-1.9940812941255717,-0.0020329549327671,31.608436452122476,3.51820888005486,23.527236127318183,38.95965174080089,1.9784425876010776,0.2064903055171104,0.0004,2.0,2.6102048517520213,0.3367456846775727,0.0,4.223,3470.672,6.780118866357346,1.9021626275166137,-0.0002154498467036,0.003448823257062,4.220314994509881,0.1710751074392005,3.9949090644351544,8.332909045959154,0.0700666772482965,0.1559620566163741,-2.2554191695406485,1.4199241755447394,23.601078570891087,0.0421626604660545,23.536607627284017,23.703554924939645,0.0717013745704467,0.1569703507960608,-2.2691,1.439,3.662005154639175,1.4951503728489903,0.002,4.998,1674.484,0.1554439153407915,0.0368616190666398,-2.893404802426906e-05,-8.220807522924695e-05,2008-04-21 03:26:58.453,0.0411920195586732,0.0684835665334699,36.11428388888889,B0007,31,1.8834677437950849,1.8806626717011388,1.0014915338811976,1.0014915338811976,137.0,0.0182201955643249,0.989013992181942,0.0075605400893148,0.0019622902032815,0.9832713383168726,0.0005646330223456619,0.9864770907214062,0.003194585597952121,-0.0017395791858106858
discharge,2008-04-22 20:26:18.921,24.0,89,5826,05826.csv,1.8628211117905844,,,3.5694388142217837,0.2390427400001807,2.1177799354077496,4.203187727641822,-1.9788067754387155,0.1469868865058396,-2.003329552797809,0.0016192589541852,31.782101501165204,3.380302800718849,23.9542942093336,39.053875772291974,1.9890438356164384,0.1476035677134073,0.0004,2.0,2.625654794520548,0.2794674019959795,0.0,4.219,3414.109,6.702715077597238,1.878985300422826,-0.0002144408298415,0.0033649883890785,4.12787165425453,0.1380285399867718,3.0402563294989644,4.214675146206582,0.7079163619781903,0.6495626705288727,-2.2565646173008194,1.5042421632495018,25.24857476578596,1.3036995398874398,23.968480713297836,28.734782385089694,0.7125504509428807,0.6526779516393183,-2.2691,1.4995,4.111887674227931,1.3043261107272703,0.002,4.948,10113.656,7.636197627624519,1.8886256897448572,3.578420957360351e-05,-0.0002023730194587,2008-04-22 19:54:32.265,0.0417594054145559,0.0644560882097745,0.5296266666666667,B0007,32,1.8628211117905844,1.8806626717011388,0.9905131525291476,0.9905131525291476,136.0,-0.0109783813520499,0.9893103985619034,0.0075903717040251,0.0022672608069421,1.0014915338811976,0.01822019556432497,0.9890139921819419,0.0075605400893153625,0.0019622902032815004
discharge,2008-04-23 01:18:11.796,24.0,93,5830,05830.csv,1.852085039652352,,,3.568742147335628,0.2361226467707182,2.1637448793153697,4.202997027311235,-1.9785908218423576,0.1471173426616735,-1.9938003511879976,-0.001677256736689,31.51504198920288,3.363520252997762,23.73407143959736,38.699551697978606,1.98898347107438,0.1480073840465545,0.0004,2.0,2.6261184573002754,0.276903996781254,0.0,4.219,3395.219,6.6632871098367605,1.868342522610038,-0.0002142956916249,0.0033669084369645,4.129220845194228,0.1355658272136563,3.0807107007217356,4.214620610525395,0.7033962205591463,0.6490575349517766,-2.2557644289288383,1.504685171793589,25.2648118529816,1.3651419725889098,23.81332004572655,28.82022743543977,0.7077157392253138,0.6522254198749917,-2.2691,1.4995,4.090341516639389,1.3338739327306055,0.002,4.935,10137.89,7.611121614880721,1.881630219437707,3.514570772489562e-05,-0.0002433566839828,2008-04-23 00:46:24.921,0.0423270479862688,0.0641415094761317,0.5296875,B0007,33,1.852085039652352,1.8806626717011388,0.984804488078164,0.984804488078164,135.0,-0.0057086644509837,0.9885574436199818,0.007864067200724,0.0011437379779548,0.9905131525291476,-0.010978381352049982,0.9893103985619034,0.007590371704025656,0.0022672608069421044
discharge,2008-04-23 06:18:19.921,24.0,97,5834,05834.csv,1.8469504648208708,,,3.5642424070467817,0.2435637592164921,2.0456561472058055,4.2027504558714135,-1.9784335668087776,0.1472609174758871,-1.9942339530946611,-0.0024901255072808,31.13866351339678,3.4075643650648044,23.309807963383705,38.6052414906155,1.988953038674033,0.1482105390044241,0.0004,2.0,2.62296408839779,0.2828738592682578,0.0,4.219,3386.0,6.636505189849408,1.863163803383198,-0.0002184327319814,0.0034216842562695,4.134788878196348,0.1300719381286017,3.1268493749691935,4.214633202681263,0.6659073348724488,0.6494845722885262,-2.2571525119254,1.4964777167721677,24.83295974161257,1.3723562144842063,23.36985964439706,28.46526973152355,0.6699458181818182,0.6526680741522275,-2.2691,1.4995,3.921642857142857,1.5346433336576577,0.002,4.935,10651.657,7.58129739355354,1.872760141938835,3.144013524205891e-05,-0.0002574252275588,2008-04-23 05:46:32.890,0.0396728639829912,0.0633375503455221,0.5297308333333334,B0007,34,1.8469504648208708,1.8806626717011388,0.9820742936053632,0.9820742936053632,134.0,-0.0027301944728007,0.9884309612821488,0.0079858361803914,-0.0019081135226052,0.984804488078164,-0.005708664450983614,0.9885574436199818,0.007864067200724568,0.0011437379779547427
discharge,2008-04-23 11:08:00.312,24.0,101,5838,05838.csv,1.836828431169018,,,3.5653038098527605,0.2380524119042054,2.1356202266992863,4.202665067816707,-1.9781601679702336,0.1477765014129555,-1.9932621441916,0.0002120880463095,31.068710515588776,3.3689280446409944,23.305948209951065,38.42604747702835,1.988892222222222,0.1486119381534619,0.0006,2.0,2.622475,0.2787389548135595,0.0,4.219,3368.187,6.602468444353949,1.8530972590844652,-0.0002172686748408,0.003398047545988,4.131515049788598,0.1310825343280507,3.1436144259571974,4.214690925137906,0.7047829847696265,0.6465077496927855,-2.254738979525141,1.49923526892651,24.67485217111906,1.3237300350956926,23.3464187186958,28.20037831853005,0.7091708252829148,0.6495739239822528,-2.2691,1.4995,4.140442727021806,1.2606741386979203,0.002,4.935,10032.485,7.556399587059793,1.8657632276215048,3.456699578394662e-05,-0.0002319886702901,2008-04-23 10:36:13.156,0.0404653672528573,0.0639722520595072,0.5297655555555555,B0007,35,1.836828431169018,1.8806626717011388,0.9766921302838052,0.9766921302838052,133.0,-0.0053821633215578,0.9871151196755356,0.0094553631130113,-0.0058037666118569,0.9820742936053632,-0.002730194472800762,0.9884309612821489,0.00798583618039201,-0.001908113522605264
discharge,2008-04-23 16:06:25.171,24.0,105,5842,05842.csv,1.8371619619672277,,,3.565432167703823,0.2436019823106268,2.042987153745025,4.20243913428064,-1.9783765899690635,0.1476906460971523,-1.9932668899112056,0.0016978688568831,31.618244836823447,3.4394022053585354,23.739006255698545,39.0468968949422,1.9888916666666665,0.1486193711671231,0.0004,2.0,2.6205944444444444,0.2829457093040646,0.0,4.219,3368.266,6.603771377505247,1.853375502508215,-0.0002196228779011,0.0034741537260768,4.136266746327734,0.126785813421108,3.176248697225785,4.214903299651425,0.6657786122600697,0.648456521785242,-2.2582134852820483,1.4991783955219666,24.895406841356955,1.3008954473597882,23.687380454517942,28.459241345509497,0.6698958889761718,0.6514895994765344,-2.2691,1.4995,3.9277876407436505,1.531996244447918,0.002,4.935,10574.297,7.530045262228468,1.858642999683723,3.1026351191651387e-05,-0.0002100758017702,2008-04-23 15:34:37.843,0.0408309954459878,0.0629222353152032,0.5298133333333334,B0007,36,1.8371619619672277,1.8806626717011388,0.9768694777705332,0.9768694777705332,132.0,0.000177347486728,0.9821907084534028,0.005802118785517,-0.0035399707311587,0.9766921302838052,-0.005382163321558053,0.9871151196755357,0.009455363113011914,-0.0058037666118569585
discharge,2008-04-23 21:02:58.296,24.0,109,5846,05846.csv,1.8316722583718856,,,3.5622303163451425,0.248370936300835,1.978616239411895,4.202794567899269,-1.9780771457931063,0.1480722071651302,-1.9945447573637072,0.0006200071499489,31.331528063668397,3.413453157377257,23.487622777066665,38.83676495861389,1.9888607242339833,0.1488250600042525,0.0004,2.0,2.6193119777158778,0.2873469996590886,0.0,4.219,3358.719,6.578203848493088,1.8478823586231063,-0.0002227924321928,0.0034564497792556,4.135417505544552,0.1276990345619117,3.172777675647531,4.2146409952312975,0.6726332872106385,0.6479992280794764,-2.2573390854177324,1.4990045933591611,24.993919378962513,1.3900998911162374,23.552176516081406,28.634605591894335,0.6765466931216932,0.6510990289215686,-2.2691,1.4995,3.977513492063492,1.473795815898804,0.002,4.935,10461.735,7.527583968982907,1.8581735024122168,3.172128566016802e-05,-0.0002631279277793,2008-04-23 20:31:10.750,0.0407870122998766,0.0633885849281959,0.5298738888888889,B0007,37,1.8316722583718856,1.8806626717011388,0.9739504515794216,0.9739504515794216,131.0,-0.0029190261911118,0.9788781682634576,0.0044281055489415,-0.0026912888832314,0.9768694777705332,0.00017734748672804113,0.9821907084534027,0.0058021187855183,-0.0035399707311587515
discharge,2008-04-24 01:51:33.890,24.0,113,5850,05850.csv,1.8211470951317783,,,3.564481026852489,0.2369382273164456,2.15845357648832,4.203135326288817,-1.9780971417908424,0.1484371221177698,-1.993788754705783,0.0003106338402807,31.132569191182142,3.426266595856784,23.2595984254445,38.49981470604549,1.9887988795518208,0.1492315486912704,0.0006,2.0,2.62209243697479,0.2782879327750932,0.0,4.219,3339.5,6.54458780150221,1.837328948442241,-0.0002187722198058,0.0034896714748557,4.13326568802833,0.1280107679100466,3.187461231001114,4.214616914837865,0.7027319070255572,0.6450664618790503,-2.255795255095618,1.4974081805013466,24.80297144486912,1.371499357193961,23.32601773577574,28.364390089817356,0.7067370873786408,0.648150373661046,-2.2691,1.4995,4.177653259361997,1.2017858464328517,0.002,4.935,9993.062000000004,7.506951450967526,1.8521738994623789,3.403145700828225e-05,-0.0002558901013046,2008-04-24 01:19:46.171,0.0398173593963539,0.0644668961248353,0.5299219444444444,B0007,38,1.8211470951317783,1.8806626717011388,0.9683539331827508,0.9683539331827508,130.0,-0.0055965183966706,0.9755880572843748,0.0049986643522207,-0.0030182399549608,0.9739504515794216,-0.0029190261911116178,0.9788781682634575,0.004428105548943411,-0.002691288883231566
discharge,2008-04-24 06:50:00.031,24.0,117,5854,05854.csv,1.816506091511515,,,3.561614556780574,0.241210893749047,2.092603698932653,4.202837061508687,-1.977978349880126,0.1485468782929041,-1.992201283338572,1.0269396682341148e-05,30.972969676157927,3.473098581113468,23.021675511770265,38.582340147970775,1.9887674157303368,0.1494398141038356,0.0006,2.0,2.619429775280899,0.2817858739829837,0.0,4.219,3331.265,6.52283474225191,1.832695307479773,-0.0002215286483174,0.0035480986081378,4.139035094131206,0.123006979078164,3.2205895780370075,4.214648584856087,0.6583616656362965,0.6461111905456675,-2.257104148647461,1.4974313757048645,24.51176932541328,1.3874529200555883,23.069077109844848,28.1594205841221,0.6622072922111868,0.649156162024068,-2.2691,1.4995,3.9568319393622584,1.4940162946542357,0.002,4.935,10602.281,7.474215433443736,1.8429751277987765,2.998873573148337e-05,-0.0002655491480899,2008-04-24 06:18:12.171,0.0387909877017732,0.0628098792567102,0.5299611111111111,B0007,39,1.816506091511515,1.8806626717011388,0.965886184080215,0.965886184080215,129.0,-0.0024677491025358,0.9723504353793452,0.0049897566394285,-0.0030127436994963,0.9683539331827508,-0.005596518396670858,0.9755880572843747,0.004998664352222664,-0.0030182399549608377
discharge,2008-04-24 11:49:24.281,24.0,121,5858,05858.csv,1.8113815601504557,,,3.5630587459190144,0.2377592209805917,2.1528886431678034,4.202745735932991,-1.978433495721842,0.1486956307108426,-1.9945004268443045,0.0006306807076325,31.1990648511682,3.499964417763432,23.18977956751028,38.787499833494046,1.988735774647887,0.1496489538761661,0.0006,2.0,2.6181464788732396,0.2794831768632478,0.0,4.219,3321.188,6.50707815642793,1.8275277284905889,-0.0002206189950854,0.0035866973013858,4.140171363171507,0.12171627469171,3.2327489336695137,4.214573623402441,0.652156806609188,0.6453907076001326,-2.2573078069144445,1.4996720002182986,24.44267945496156,1.33350873533223,23.162011647559755,28.01307299015277,0.6562323108916038,0.6484491380364078,-2.2691,1.4995,3.9257203015336617,1.530142011809613,0.002,4.935,10667.969,7.452915749344513,1.837169520261325,2.9374666968708775e-05,-0.0002483166857301,2008-04-24 11:17:36.359,0.0413584990216644,0.0640930962913017,0.5299783333333333,B0007,40,1.8113815601504557,1.8806626717011388,0.9631613299965084,0.9631613299965084,128.0,-0.0027248540837067,0.9696442753218856,0.0056692926607602,-0.0035480563047256,0.965886184080215,-0.0024677491025357767,0.9723504353793452,0.004989756639430743,-0.0030127436994963038
discharge,2008-04-24 16:45:56.015,24.0,125,5862,05862.csv,1.8116056333939583,,,3.5629534367704405,0.244270629646186,2.0537418826405966,4.203198796599359,-1.9782873833989176,0.148884805092314,-1.9931746766502976,0.0005017093700327,31.722267598269813,3.489535773627038,23.74662782512349,39.31221126031847,1.988735774647887,0.1496489538761661,0.0006,2.0,2.615780281690141,0.2842768183836719,0.0,4.219,3321.844,6.507683177848434,1.8277691559641205,-0.000223844187935,0.0035764301743325,4.13929567747795,0.1219648142289693,3.245290824706756,4.214635656760874,0.6607051355598498,0.645558992552632,-2.2617411195901895,1.4982284946927795,24.98061830520359,1.3128867528557435,23.7446253498163,28.536212131076272,0.6650679862760623,0.6486116826019981,-2.2691,1.4995,3.9805587226181047,1.4695125007143237,0.002,4.948,10504.781,7.431666573349963,1.8319542201243004,3.0158653100394097e-05,-0.0002237126601171,2008-04-24 16:14:07.906,0.0419881321640878,0.0629074367397784,0.5300302777777778,B0007,41,1.8116056333939583,1.8806626717011388,0.9632804758948528,0.9632804758948528,127.0,0.0001191458983444,0.9669264749467495,0.0044700591556908,-0.002653255455538,0.9631613299965084,-0.002724854083706596,0.9696442753218859,0.005669292660762378,-0.0035480563047256978
discharge,2008-04-24 21:38:11.078,24.0,129,5866,05866.csv,1.8060548955557405,,,3.563446012076242,0.2429287782575352,2.0793300586339956,4.202901668731174,-1.978196143267665,0.148965936617679,-1.9946160382197375,0.0014954532137275,31.900827580605675,3.453732440693354,23.98219553879158,39.40567993360536,1.9887039548022596,0.1498589741431996,0.0006,2.0,2.6175169491525425,0.2830730595753665,0.0,4.219,3311.828,6.48886720492721,1.8221936236007856,-0.0002241515458115,0.0035492297488223,4.137154952140779,0.123602569168748,3.2414914530804664,4.2147081279818845,0.6768531523870726,0.6453759256125176,-2.254744158645107,1.5040256738270672,25.37806773198085,1.3454977711063922,24.00061686838033,28.941934192718502,0.6810799242424243,0.6484675978302298,-2.2691,1.4995,4.046471861471861,1.3906019910371985,0.002,4.948,10246.781,7.426207489795433,1.831053520070023,3.166362186293733e-05,-0.000248276659714,2008-04-24 21:06:22.828,0.0410635565050997,0.0618301881415941,0.5300694444444445,B0007,42,1.8060548955557405,1.8806626717011388,0.9603289961203342,0.9603289961203342,126.0,-0.0029514797745185,0.9642021838549322,0.0030416847628162,-0.0018655582310195,0.9632804758948528,0.00011914589834438605,0.9669264749467497,0.004470059155693896,-0.0026532554555380966
discharge,2008-04-25 12:03:44.093,24.0,133,5870,05870.csv,1.8132041826994056,,,3.563998342345823,0.2532702940342307,2.0759793304520757,4.196154302326916,-1.9670969462670496,0.2090627886753873,-1.9952878943511752,0.0009071057750656,31.5372402498617,3.5356532818719244,23.71372956170196,39.32802757827611,-1.9776592178770949,0.2101696539004081,-2.0,-0.0004,2.6138212290502794,0.327970807729151,0.0,4.212,3327.391,6.486171873839956,1.8242584407474904,-0.0002293600796838,0.0036093713558288,4.137424160656775,0.1228919808226597,3.252050457945784,4.214688038425604,0.6802945729581926,0.6443677696454317,-2.258807162947582,1.497096115974733,25.25198951518979,1.3822654093874462,23.76318500119398,28.84504215427599,0.6844243044189854,0.6474036192730246,-2.2691,1.4995,4.081397435897436,1.3413161054317673,0.002,4.935,10166.218999999996,7.408624620339959,1.8261958914883376,3.183418472468366e-05,-0.0002712296795803,2008-04-25 01:57:07.593,0.0397095688006817,0.0630831687308314,10.110138888888889,B0007,43,1.8132041826994056,1.8806626717011388,0.9641304684690136,0.9641304684690136,125.0,0.0038014723486794,0.9633574909121848,0.0020129564428527,-0.0006343765098576,0.9603289961203342,-0.002951479774518595,0.9642021838549322,0.0030416847628210067,-0.0018655582310196132
discharge,2008-04-25 20:03:55.921,24.0,135,5872,05872.csv,1.8062641938283537,,,3.5604902283110547,0.2452923043251051,2.0674349483094465,4.2044772244864275,-1.978121464370373,0.1489594972779903,-1.9951041266249487,-0.0007153493376797,31.24662583059252,3.352701649272975,23.52099861667097,38.6112528181758,1.9887039548022596,0.1498589741431996,0.0006,2.0,2.617338983050847,0.2852275497685811,0.0,4.221,3312.078,6.483966529554647,1.8222968709239151,-0.0002259908437386,0.0034393661542605,4.1426480946326665,0.1180011851750647,3.231006913482485,4.214711989188702,0.6420297592239262,0.6453648481723961,-2.2585848300420186,1.5016078202351877,24.74618517386197,1.4470602727934432,23.156164089257796,28.650268868340454,0.6460899230769231,0.6484391711965322,-2.2691,1.4995,3.8612869230769222,1.599721756089451,0.002,4.948,10804.922,7.449353572969232,1.834773067016935,2.7969375402327215e-05,-0.0001834472250901,2008-04-25 01:57:07.593,0.0397095688006817,0.0630831687308314,18.113424444444444,B0007,44,1.8062641938283537,1.8806626717011388,0.9604402857608224,0.9604402857608224,124.0,-0.0036901827081912,0.9622683112483064,0.0017601285194088,-0.000459209589721,0.9641304684690136,0.0038014723486794466,0.9633574909121847,0.0020129564428601463,-0.0006343765098576592
discharge,2008-04-26 01:04:35.718,24.0,139,5876,05876.csv,1.7958310249900458,,,3.5567002097886946,0.2471815020007749,2.037264031192436,4.20211656315423,-1.9780364457328712,0.1494284562122661,-1.9939079880095492,-0.0012469857773277,30.939399361884792,3.427249603700407,23.07246859020669,38.569726951286874,1.9886397727272724,0.1502816810040495,0.0006,2.0,2.612715909090909,0.2866771306660174,0.0,4.218,3293.172,6.439677700794888,1.8118306786592215,-0.0002281880794921,0.0035387520186371,4.141814607896977,0.1194905841285697,3.2474350465338744,4.214715443852137,0.6422162425838563,0.6447779544307614,-2.255500726606694,1.499047783092931,24.568292813185277,1.403004808614973,23.14017849562041,28.293152961467708,0.6461380731581658,0.64784456189054,-2.2691,1.4995,3.8536120556414217,1.6054871313217434,0.002,4.935,10758.985,7.41047812389356,1.8259818020792045,2.840621152758395e-05,-0.0002739786415394,2008-04-26 00:32:46.968,0.0465886984598843,0.0693869640088942,0.5302083333333333,B0007,45,1.7958310249900458,1.8806626717011388,0.954892683314462,0.954892683314462,123.0,-0.0055476024463603,0.960614581911897,0.0036166459241504,-0.0016664295520293,0.9604402857608224,-0.003690182708191214,0.9622683112483064,0.0017601285194175135,-0.000459209589721123
discharge,2008-04-26 05:57:35.140,24.0,143,5880,05880.csv,1.7858852600390451,,,3.558412726344602,0.2397240468529603,2.1632674190148338,4.202901194454151,-1.977935781469453,0.1499746649560789,-1.9931708315999248,0.0005268652442651,30.884857004354572,3.4451204067835475,22.983640218520343,38.34572083526661,1.988574857142857,0.1507079849884049,0.0006,2.0,2.613202857142857,0.2809069220382075,0.0,4.219,3275.328,6.407012477669587,1.8018958274990609,-0.0002260365852623,0.0035783437468654,4.140519345939853,0.1194583220037706,3.2693701972960967,4.214696510731475,0.6668873007117249,0.6429577541033711,-2.257720008282533,1.5001235685442391,24.46813967282139,1.3980026028610992,23.029844824513972,28.15821896384421,0.6709632696961549,0.6460582600185267,-2.2691,1.4995,4.041556870126378,1.3920042738027114,0.002,4.935,10317.515,7.377338242440996,1.8168370318016136,3.021809631381475e-05,-0.0002691971624154,2008-04-26 05:25:46.234,0.0450589668472443,0.0692805173920436,0.5302516666666667,B0007,46,1.7858852600390451,1.8806626717011388,0.9496042469028412,0.9496042469028412,122.0,-0.0052884364116209,0.9578793361134949,0.0056796379584788,-0.0030687283589537,0.954892683314462,-0.005547602446360433,0.960614581911897,0.0036166459241549326,-0.0016664295520293004
discharge,2008-04-26 10:58:25.843,24.0,147,5884,05884.csv,1.780326860450275,,,3.556136820956992,0.2435323971413376,2.106631526845483,4.201790697233378,-1.9780170042003,0.1499226700475632,-1.9937766833094568,-0.0024226440673283,30.920682316695828,3.482820431217398,22.969922978716895,38.48254063494672,1.9885421203438391,0.1509225018952182,0.0006,2.0,2.6110458452722063,0.284066274534677,0.0,4.218,3265.016,6.383292596096491,1.7963112906048118,-0.0002288026800456,0.003630535645542,4.144478806017769,0.1156918944172402,3.2934805592161784,4.214588036442186,0.6320494178988428,0.6428805529553333,-2.25837582999649,1.4970991816874473,24.383631011491403,1.4008585781693843,23.00190317715027,28.14052310759905,0.6360447753530167,0.645870419798766,-2.2691,1.4995,3.824639537869063,1.6338870489752433,0.002,4.935,10805.734,7.336668687829761,1.80607722418126,2.724606364399276e-05,-0.000270044384025,2008-04-26 10:26:36.718,0.0458138476522787,0.0696653302556868,0.5303125,B0007,47,1.780326860450275,1.8806626717011388,0.9466486931651036,0.9466486931651036,121.0,-0.0029555537377375,0.9551432755224486,0.0072754642197821,-0.0045799589465801,0.9496042469028412,-0.0052884364116208005,0.9578793361134947,0.005679637958481913,-0.003068728358953849
discharge,2008-04-29 12:15:56.953,24.0,149,5886,05886.csv,1.8150756899575575,,,3.568999942180493,0.2377985887575091,2.1809272860788376,4.191916354433964,-1.9779140108313504,0.1486015946765911,-1.993416647067197,-0.0001758019097429,33.880577817079796,3.2529605532130024,26.46604285791351,41.0499421893331,1.988766853932584,0.1494472885247692,0.0004,2.0,2.621143258426966,0.2794889080120036,0.0,4.208,3328.937,6.531870934297347,1.8312780528780856,-0.0002198849519729,0.0033193977374263,4.141978761932281,0.11382266477538,3.3430878237065715,4.214711618563932,0.6840854079254173,0.6424036977713681,-2.2576031377754036,1.4980958883211717,25.07100125430618,1.4383743384783667,23.447631150505757,28.75985969623617,0.6883220920502093,0.645625366727386,-2.2691,1.4995,4.151589400278939,1.2443617552188688,0.002,4.935,9946.391,7.310880207102207,1.7976022527284194,3.052096751835778e-05,-0.0001771252833771,2008-04-26 10:26:36.718,0.0458138476522787,0.0696653302556868,73.8222875,B0007,48,1.8150756899575575,1.8806626717011388,0.9651256002841516,0.9651256002841516,120.0,0.0184769071190479,0.9553423018854762,0.0075896085468346,0.0001126638897299,0.9466486931651036,-0.002955553737737593,0.9551432755224486,0.00727546421978469,-0.004579958946580208
discharge,2008-04-29 17:05:27.781,24.0,153,5890,05890.csv,1.815702515484584,,,3.571059290544873,0.2378590679850671,2.1773498094527195,4.20342192245769,-1.978162017642311,0.1485828333547708,-1.994657617315832,-0.0012601283929447,33.038339318294426,3.3468582106910603,25.38232315092876,40.361944885615415,1.988766853932584,0.1494472885247692,0.0004,2.0,2.6257780898876404,0.2794283966346114,0.0,4.219,3329.266,6.537088661397099,1.8317383060861463,-0.0002205619591192,0.0034140932571714,4.129690120322505,0.1340349605176128,3.1344560632568843,4.214748254523058,0.6960172520969813,0.6500443608775842,-2.2571010001007035,1.497937928660538,27.032480454408866,1.4168932651913757,25.51815640125726,30.83734369244914,0.7002988742449203,0.6530344279914043,-2.2691,1.4995,4.051592806150467,1.387392775552404,0.002,4.948,10063.547,7.476365173726567,1.8487341475191512,3.516074755437498e-05,-0.000265944760089,2008-04-29 16:33:38.281,0.0488865538215203,0.0696851437062246,0.5304166666666666,B0007,49,1.815702515484584,1.8806626717011388,0.9654589006343196,0.9654589006343196,119.0,0.000333300350168,0.9563460248601756,0.0086851520306045,0.0036653788021025,0.9651256002841516,0.018476907119048036,0.9553423018854762,0.007589608546837092,0.00011266388972995562
discharge,2008-04-29 22:00:04.750,24.0,157,5894,05894.csv,1.800243217805667,,,3.5666921284622095,0.23760527129618,2.180136101967249,4.202807443974011,-1.9779553399945096,0.1492321114384013,-1.9927642557550824,-0.0007693308142824,32.27329169539202,3.3756627697109653,24.501910100578034,39.6676965288026,1.9886719546742209,0.150069881100305,0.0006,2.0,2.6228470254957506,0.2790190716083412,0.0,4.219,3301.579,6.474009221241965,1.8163173679165368,-0.0002224368088562,0.0034726087789765,4.134932989245559,0.1278080808980058,3.193020262146675,4.214619976897151,0.6693300293685985,0.6489737370218248,-2.25901127149411,1.5050440269235876,26.29245192725164,1.489184842197088,24.65434929579378,30.256179923768244,0.6732966684434968,0.6521186818645579,-2.2691,1.4995,3.9200551705756936,1.542535453624179,0.002,4.948,10376.172,7.426426248598829,1.8340308471587448,3.2070036153580885e-05,-0.0002912045751129,2008-04-29 21:28:15.140,0.0480552218263486,0.0698864194438785,0.5304472222222222,B0007,50,1.800243217805667,1.8806626717011388,0.957238767427266,0.957238767427266,118.0,-0.0082201332070535,0.9568152416827364,0.0086503096575872,0.0034079248518065,0.9654589006343196,0.00033330035016798654,0.9563460248601757,0.008685152030606663,0.0036653788021024925
discharge,2008-04-30 02:43:55.312,24.0,161,5898,05898.csv,1.7904476205609308,,,3.563327431073248,0.2410548801073989,2.1286295199076855,4.203276539809248,-1.9779914337720736,0.1496135945463944,-1.9950332824030976,-0.0006536943792753,31.937919783481355,3.443436671543625,24.043121291612863,39.481181404811096,1.9886068376068375,0.1505019073393799,0.0004,2.0,2.6202336182336183,0.2821538387606382,0.0,4.219,3283.563,6.432644438382921,1.8064343691663285,-0.0002255778876203,0.0035645184154291,4.133479145170933,0.1262398564209597,3.2375198160016345,4.214585588585567,0.7068111664736321,0.6439147721844526,-2.2578275276481437,1.4983082343296068,25.717432915400742,1.4399292030073791,24.15461199527929,29.511842412811585,0.7109160090831679,0.6469947684570212,-2.2691,1.4995,4.209688049957423,1.1519579878788526,0.002,4.948,9756.858999999997,7.378920804565745,1.8200980662052824,3.4673265847233975e-05,-0.0002688161946455,2008-04-30 02:12:05.609,0.047509200748586,0.0703725401221073,0.5304730555555556,B0007,51,1.7904476205609308,1.8806626717011388,0.9520301793098256,0.9520301793098256,117.0,-0.0052085881174405,0.9573004281641332,0.0082011093041873,0.0002876139432558,0.957238767427266,-0.008220133207053615,0.9568152416827365,0.008650309657589318,0.003407924851806539
discharge,2008-04-30 07:41:42.578,24.0,165,5902,05902.csv,1.780343032300132,,,3.5590146214829015,0.2427711596580828,2.155901281560187,4.202580870413733,-1.9721889844228175,0.1832155418321409,-1.994232501388858,0.0007008105306003,31.688686599521045,3.496381532348714,23.724772219746917,39.4190511430692,1.982861714285714,0.1843195872621512,0.0004,2.0,2.6111257142857145,0.3138637487307939,0.0,4.219,3275.125,6.398430607115167,1.7990139355200936,-0.0002284659298668,0.0036305945434265,4.141043663189292,0.1201719302182354,3.26482214302538,4.214715552650301,0.6461212999124342,0.6451670324288112,-2.25924764393366,1.49700155864397,25.28130030703769,1.4558329312943636,23.788103904178552,29.200173089787796,0.6500470496083551,0.6482432510227293,-2.2691,1.4995,3.891181984334203,1.5683746846582935,0.002,4.948,10610.906,7.347155139873531,1.810882099686112,2.915202051501693e-05,-0.0002810725768174,2008-04-30 07:09:52.656,0.0481799142983664,0.0704800798689803,0.5305338888888889,B0007,52,1.780343032300132,1.8806626717011388,0.9466572921818756,0.9466572921818756,116.0,-0.0053728871279499,0.9573021479674876,0.0081983175947197,-0.0050365337529045,0.9520301793098256,-0.005208588117440405,0.9573004281641333,0.008201109304189455,0.0002876139432557546
discharge,2008-04-30 12:28:49.265,24.0,169,5906,05906.csv,1.775328769596812,,,3.5566945836342914,0.2487959944615331,2.067103728219671,4.203244171517053,-1.972325457380414,0.1834197596471907,-1.9927179646840103,0.0001504085743458,31.779120691032947,3.5555343792070584,23.738337987235628,39.72196117128354,1.9828131805157592,0.1845750257017643,0.0006,2.0,2.6064756446991404,0.3183308052259732,0.0,4.219,3265.656,6.376184332185841,1.7939851787233854,-0.00023233945093,0.0037048807120447,4.138547507532556,0.1205767772092453,3.2886027935743436,4.21468240898435,0.6833886553707773,0.6424409627939848,-2.2568491012736267,1.4972965264060565,25.227543828398364,1.4143672386526074,23.78662103402123,29.003660704014656,0.6875117565314064,0.6455648797932154,-2.2691,1.4995,4.1452857142857145,1.2513877408747436,0.002,4.948,9978.078,7.308521152569998,1.8002698132279844,3.198436325684201e-05,-0.0002646520142055,2008-04-30 11:56:59.203,0.0485324073582465,0.0703495236965677,0.5305727777777778,B0007,53,1.775328769596812,1.8806626717011388,0.9439910709723144,0.9439910709723144,115.0,-0.0026662212095612,0.9530752421051204,0.0085949744663564,-0.00535171345694,0.9466572921818756,-0.005372887127950032,0.9573021479674877,0.008198317594721925,-0.005036533752904727
discharge,2008-04-30 17:20:16.140,24.0,173,5910,05910.csv,1.770262973473285,,,3.555013984911923,0.2513247440204203,2.0619831864543094,4.202697222668131,-1.966838273678528,0.2115267205729815,-1.9937154240389596,-0.0009153700172719,32.133873372089305,3.583726303423301,24.06931067212055,40.041366724781085,1.977084240687679,0.2128206689778843,0.0006,2.0,2.5986475644699145,0.3473654659097183,0.0,4.219,3266.093,6.358403193718278,1.7889281717647347,-0.0002348660020065,0.0037343379791927,4.140791354371345,0.1187601958762463,3.297804083355706,4.214791547114884,0.6634760713583135,0.6431135171282978,-2.260961049109437,1.4976142695893062,25.459049490706317,1.3898817444909726,24.08229486211068,29.209813810542578,0.6677169193286411,0.6461891219148949,-2.2691,1.4995,4.022584190579318,1.4201391338645293,0.002,4.948,10246.984,7.287731267862797,1.794832004178584,3.026670418473397e-05,-0.0002584229475998,2008-04-30 16:48:25.875,0.0497462553640585,0.0709596027580753,0.5306291666666667,B0007,54,1.770262973473285,1.8806626717011388,0.9412974480277252,0.9412974480277252,114.0,-0.0026936229445893,0.9482429515838012,0.006405088224584,-0.0039921747136593,0.9439910709723144,-0.0026662212095611704,0.9530752421051203,0.008594974466358839,-0.00535171345694001
discharge,2008-04-30 22:14:54.062,24.0,177,5914,05914.csv,1.760081061854204,,,3.5526373754067415,0.2484397729897574,2.143037413381466,4.202581421564202,-1.960929600351624,0.2366096302019096,-1.99255052774098,0.0001465971906707,31.889431533099835,3.551631064170751,23.857377552308677,39.66314441864834,1.971272988505747,0.2379318087020276,0.0006,2.0,2.5923706896551724,0.3719122887459004,0.0,4.219,3257.594,6.320704857288989,1.77873079557331,-0.0002354532086934,0.0037086766940369,4.142616291192758,0.1171963004937664,3.3061214365843226,4.214726224038771,0.6494542689881208,0.6425398170661953,-2.258636122503068,1.4990744287412192,25.343396530192575,1.4354371575521188,23.90250870368899,29.18041772363144,0.6534635663034812,0.6455520426010094,-2.2691,1.4995,3.955264150943396,1.4966119946440184,0.002,4.948,10437.047,7.2697434962636605,1.7899253522051644,2.902160155217502e-05,-0.0002889111438869,2008-04-30 21:43:03.656,0.0498936282124914,0.0698875047977575,0.5306683333333333,B0007,55,1.760081061854204,1.8806626717011388,0.9358834459462824,0.9358834459462824,113.0,-0.0054140020814426,0.9439718872876046,0.006015050840639,-0.0037653310881236,0.9412974480277252,-0.0026936229445891913,0.9482429515838013,0.006405088224587682,-0.003992174713659231
discharge,2008-05-01 03:15:33.140,24.0,181,5918,05918.csv,1.749647593537689,,,3.547186025484395,0.2591347484640653,1.992905798820928,4.201275185814673,-1.9607588424014128,0.2369026854682799,-1.994265959280498,-0.0009119903753978,31.81736328028127,3.6103735193823874,23.739137412822192,39.84751541049116,1.9711896253602303,0.238274165353854,0.0004,2.0,2.5875792507204616,0.3783569460042201,0.0,4.217,3248.593,6.293165969925084,1.7736818795438978,-0.0002417764186334,0.0037827784121116,4.145719435970476,0.113789328644085,3.3263056672230387,4.21472660323316,0.6223080903373258,0.6419292581519209,-2.2583039255865396,1.4973622442519618,25.22842121156891,1.4442006367728142,23.777378634930113,29.11844804300408,0.6263419512195122,0.6449442990199217,-2.2691,1.4995,3.747407958921694,1.709524162544751,0.002,4.948,10805.827999999994,7.226917545439106,1.7785719643291362,2.6625271794218144e-05,-0.0002866757346614,2008-05-01 02:43:42.562,0.0476209330618886,0.0695963747092475,0.530716111111111,B0007,56,1.749647593537689,1.8806626717011388,0.9303356842591334,0.9303356842591334,112.0,-0.0055477616871491,0.9396329882774662,0.0065498680536187,-0.0040750840871516,0.9358834459462824,-0.005414002081442826,0.9439718872876046,0.006015050840643612,-0.0037653310881236566
discharge,2008-05-01 08:16:03.343,24.0,185,5922,05922.csv,1.749650075059311,,,3.546814755244375,0.2566708502475146,2.0335961968180234,4.202508747096239,-1.9607439129501685,0.2372544912429528,-1.9932021181710204,0.0010974883571477,31.72316205746117,3.6410744013520295,23.58399487368775,39.74335777163101,1.9711063583815027,0.2386132024096639,0.0004,2.0,2.585832369942197,0.3770579150768872,0.0,4.219,3238.766,6.273455387415639,1.768378746063716,-0.0002418309276869,0.0038268060725109,4.146768957078443,0.1131678922768419,3.3266764067130077,4.214620378441202,0.6223369324512339,0.6402768254295704,-2.261442593761467,1.496394839425256,25.11195849555622,1.4589325688974888,23.64189578344721,28.993570388420174,0.6263376059594145,0.6432740971844932,-2.2691,1.4995,3.8442245055227326,1.6122858426064672,0.002,4.948,10805.375,7.225983149930823,1.777654103661254,2.654875449620865e-05,-0.0002977711842256,2008-05-01 07:44:12.656,0.0464799621281034,0.0710980516940997,0.5307463888888888,B0007,57,1.749650075059311,1.8806626717011388,0.9303370037523416,0.9303370037523416,111.0,1.3194932081406208e-06,0.9363689305915596,0.0062331213317338,-0.0038269898208537,0.9303356842591334,-0.005547761687148989,0.9396329882774662,0.006549868053623438,-0.004075084087151769
discharge,2008-05-01 13:14:24.875,24.0,189,5926,05926.csv,1.745028739214683,,,3.5447850172972655,0.2590391092431144,2.0213017345171265,4.202333230196108,-1.9550964299704845,0.2595637502376604,-1.9932663431900044,0.001774869767192,31.957150654392297,3.7216440740239527,23.708228344468015,40.07246786936068,1.965328323699422,0.260998897426567,0.0006,2.0,2.5751329479768788,0.4020645487978018,0.0,4.218,3240.14,6.256226412886117,1.763759718548529,-0.0002438641641471,0.0039143378177589,4.147015930897931,0.1123658978313572,3.3399660153456283,4.214602260880449,0.6263833571838341,0.6395234742014193,-2.2604612537132738,1.4971202294201644,25.084968690362786,1.4398949218582522,23.699471577726065,28.9660427547404,0.630606314968815,0.6425366800681424,-2.2691,1.4995,3.8847707900207897,1.570173637874516,0.002,4.948,10685.968,7.194028473897763,1.769159563077764,2.673997354472273e-05,-0.000284927272133,2008-05-01 12:42:34.015,0.047969250311316,0.0708925113800405,0.5307944444444445,B0007,58,1.745028739214683,1.8806626717011388,0.9278797125463392,0.9278797125463392,110.0,-0.0024572912060022,0.9331466589063644,0.00541899047595,-0.0032381913156712,0.9303370037523416,1.319493208251643e-06,0.9363689305915595,0.006233121331739184,-0.0038269898208537637
discharge,2008-05-01 18:11:10.984,24.0,193,5930,05930.csv,1.739645745528673,,,3.5465215420964156,0.2559966343933014,2.0789964919635966,4.202490707154508,-1.955058998571939,0.2597754002497576,-1.9938941800121164,0.0005136007463939,32.29917704213345,3.631661556788779,24.21598770999788,40.247716114003914,1.9652278260869565,0.2613701980775547,0.0006,2.0,2.5768289855072464,0.4006198997645731,0.0,4.219,3230.109,6.239813068938487,1.7583083669215216,-0.000243590167041,0.003828147023451,4.146555215254979,0.1126216116727971,3.346258120650001,4.2146424094030746,0.6305342065252072,0.6396815769942963,-2.2569332802096187,1.4974975880267505,25.58786856081741,1.3985845184085504,24.25335383388224,29.3765147762846,0.6349512981904013,0.6426725536710636,-2.2691,1.4995,3.8972575399947544,1.5595929898596417,0.002,4.948,10588.64,7.175288420157522,1.7646229903533943,2.715221464177457e-05,-0.0002685591282807,2008-05-01 17:39:20.015,0.048225418155885,0.0709769157630702,0.5308247222222222,B0007,59,1.739645745528673,1.8806626717011388,0.9250174269450936,0.9250174269450936,109.0,-0.0028622856012456,0.929890654689838,0.0040032194170068,-0.0024188009715171,0.9278797125463392,-0.0024572912060024654,0.9331466589063643,0.005418990475956711,-0.003238191315671246
discharge,2008-05-01 23:10:15.265,24.0,197,5934,05934.csv,1.7285642277717963,,,3.540832547654255,0.2637981986834192,1.9925354808829656,4.202290557382721,-1.9491545130405277,0.2799244598386189,-1.9929599237339224,-0.0018160550004962,32.128842946565555,3.646211067036828,24.018596493562136,40.27220819224188,1.9594318840579708,0.2818994114428277,0.0004,2.0,2.5659449275362323,0.4270677642106616,0.0,4.218,3229.7810000000027,6.212101547614825,1.752583536307419,-0.0002488568126756,0.0038423173654848,4.147921891536968,0.1112494384497546,3.353927274259356,4.214627240268389,0.6199172500124813,0.638764997235341,-2.259998699912,1.4978032450181034,25.48842021020059,1.4303286517199738,24.062188560809773,29.326964606810204,0.6240573350582148,0.6417143722792823,-2.2691,1.4995,3.840025873221215,1.6172813421181351,0.002,4.948,10736.094,7.154062622161303,1.7589494407419457,2.6204118376134075e-05,-0.0002882570629256,2008-05-01 22:38:24.062,0.0490895503628693,0.0702287371303744,0.5308897222222222,B0007,60,1.7285642277717963,1.8806626717011388,0.9191250795700842,0.9191250795700842,108.0,-0.0058923473750094,0.9265389814145985,0.0046882447328065,-0.0027740786185346,0.9250174269450936,-0.0028622856012455733,0.929890654689838,0.004003219417016311,-0.002418800971517219
discharge,2008-05-02 03:53:34.765,24.0,201,5938,05938.csv,1.723900324588418,,,3.5429925113583938,0.2543359523100831,2.14041602578448,4.20313824854604,-1.9485230174751031,0.2810230250199101,-2.002837999763986,0.0002657157345997,32.021134355757404,3.6712023779065106,23.868157730931408,39.89848456781458,1.959195335276968,0.2827030101212103,0.0004,2.0,2.5676618075801754,0.4234537117274348,0.0,4.219,3212.469,6.179917969286194,1.7426147065341897,-0.0002454649756342,0.0038938435588962,4.1432664230185265,0.1141421194927959,3.3597926914012777,4.214680376168718,0.6789755179077069,0.6361803269191758,-2.2593197213429033,1.4970030415422195,25.520562110849983,1.45046036495359,23.94337805381705,29.227532412342384,0.6832523457492181,0.639341094928844,-2.2691,1.4995,4.241835371054877,1.0841512845863803,0.002,4.948,9790.859,7.134665584721478,1.7535883783856705,3.086027498928732e-05,-0.0003091037666466,2008-05-02 03:21:43.218,0.0488174139240195,0.0718940740392593,0.5309852777777778,B0007,61,1.723900324588418,1.8806626717011388,0.916645154140842,0.916645154140842,107.0,-0.0024799254292422,0.92380087539094,0.0057858728241294,-0.0036138332199254,0.9191250795700842,-0.005892347375009432,0.9265389814145983,0.004688244732815195,-0.0027740786185346793
discharge,2008-05-02 08:44:40.859,24.0,205,5942,05942.csv,1.7139788776485192,,,3.5360811169860216,0.2648942463001822,2.006753861515003,4.202703239422359,-1.943122705096984,0.2998951401853699,-1.994963835157279,0.0003221994780719,31.859048861486652,3.723390766043564,23.679272417109907,40.0571305311587,1.9533661807580176,0.3017716206717387,0.0004,2.0,2.5534927113702626,0.4496133736967064,0.0,4.219,3213.219,6.153814617791076,1.73803159369918,-0.000252186991152,0.0039467427242702,4.1474070239405405,0.1107184811912545,3.376509019874446,4.214737281479257,0.64283470861952,0.6365705185537869,-2.2575805910920255,1.5049587626131586,25.33659989417566,1.4612316142706918,23.76552536946995,29.12070979710154,0.6469418856678408,0.6396136797970271,-2.2691,1.4995,4.0358894608507185,1.3962076284626523,0.002,4.948,10274.359,7.097578479488509,1.7436846343049113,2.77582722848166e-05,-0.0003088845462995,2008-05-02 08:12:49.328,0.0488921950725171,0.0701260512880205,0.5309808333333333,B0007,62,1.7139788776485192,1.8806626717011388,0.9113696482836834,0.9113696482836834,106.0,-0.0052755058571585,0.9200074042972084,0.0065910472629273,-0.0041392401329563,0.916645154140842,-0.0024799254292421358,0.9238008753909401,0.0057858728241367285,-0.003613833219925525
discharge,2008-05-02 13:43:05.093,24.0,209,5946,05946.csv,1.7139701997004613,,,3.5392436935272635,0.256967427749331,2.121868132176415,4.202907102508285,-1.9430080085541772,0.3003153138279422,-2.0016459444206927,0.0004335128310188,32.16100333536097,3.7924212267055375,23.840345275714288,40.240711749549135,1.9532298245614037,0.3022019338424191,0.0004,2.0,2.554590643274854,0.4460588909342101,0.0,4.219,3203.578,6.140230112759755,1.7326816189303085,-0.0002485062701847,0.0040376323897102,4.150676946753748,0.1081048500675604,3.380599431151528,4.214674041982327,0.6139637849196284,0.6350736111705684,-2.2576286112338373,1.5031257128452604,25.20201911662045,1.42912756395221,23.834973424070707,29.023105935768037,0.6182129836406127,0.6380771426168632,-2.2697,1.4995,3.9078122565567384,1.5415306293388038,0.002,4.948,10711.063,7.082943687531079,1.7394421781004146,2.5420025405408104e-05,-0.0002869889210351,2008-05-02 13:11:13.468,0.0474232187307728,0.0690776187517649,0.5310069444444444,B0007,63,1.7139701997004613,1.8806626717011388,0.911365033980338,0.911365033980338,105.0,-4.614303345529258e-06,0.9167044685840082,0.0057432138647597,-0.0035060217215912,0.9113696482836834,-0.0052755058571586355,0.9200074042972085,0.0065910472629341224,-0.004139240132956379
discharge,2008-05-02 19:07:48.359,24.0,213,5950,05950.csv,1.7036521173638766,,,3.5348237062932575,0.2662038409344857,2.0119648758828452,4.201457080806326,-1.9425165961920092,0.3009740923792116,-1.9940444299252391,0.0008557352401421,32.10276048728767,3.6038326573225334,24.239122695185117,40.12941739090177,1.953092082111437,0.302637875748559,0.0004,2.0,2.5516979472140764,0.4509124860263209,0.0,4.217,3195.125,6.1152195100522375,1.727775052919274,-0.0002554423430217,0.0038389844288796,4.1509731200236155,0.107675528813954,3.3874643908747073,4.2146702808474625,0.6065289378598703,0.6350543577103138,-2.258245841718614,1.4993858128225064,25.656761357540805,1.4237860964574656,24.266947604555735,29.46574411938269,0.6106440411840413,0.6381616296950733,-2.2691,1.4995,3.8196254826254825,1.6328483251803674,0.002,4.948,10806.015,7.056468876968673,1.7331425695161464,2.493485310269609e-05,-0.00028808044405,2008-05-02 18:11:03.593,0.0484604377549353,0.0708375336017697,0.9457683333333332,B0007,64,1.7036521173638766,1.8806626717011388,0.905878626188104,0.905878626188104,104.0,-0.0054864077922339,0.9128767084326102,0.0051665479280203,-0.0031773026924464,0.911365033980338,-4.614303345418236e-06,0.9167044685840082,0.005743213864767987,-0.0035060217215912453
discharge,2008-05-02 23:24:17.687,24.0,215,5952,05952.csv,1.7040137474382486,,,3.5366477402090606,0.2616558182168718,2.0744390946376323,4.204304103661928,-1.9370190075205085,0.3186080584168873,-1.99394242124594,0.0009344669590898,32.33880662180898,3.773467851360872,24.100749099673767,40.3959693732437,1.9472299120234604,0.3205055876505767,0.0006,2.0,2.550475073313783,0.4697960842914832,0.0,4.221,3195.312999999994,6.102542460406299,1.7227450346671636,-0.00025286433189,0.0040270656760286,4.149258356029318,0.1092306791646684,3.384148738889905,4.214623533956246,0.6248712469131674,0.6354189394431149,-2.258186681343964,1.4968577962984817,25.70355620495073,1.4962136076169663,24.09650422544319,29.509744013346197,0.6289848871181939,0.6384522628130649,-2.2691,1.4995,3.934391500664011,1.51535221638031,0.002,4.948,10481.047,7.045688065301182,1.730602566620434,2.6443182005233856e-05,-0.0003395475780916,2008-05-02 18:11:03.593,0.0484604377549353,0.0708375336017697,5.220581666666667,B0007,65,1.7040137474382486,1.8806626717011388,0.9060709148317896,0.9060709148317896,103.0,0.0001922886436858,0.9102658754849514,0.0044712221828197,-0.0026639500713683,0.905878626188104,-0.005486407792233972,0.9128767084326104,0.005166547928030041,-0.0031773026924464456
discharge,2008-05-03 04:13:08.609,24.0,219,5956,05956.csv,1.6935716157343033,,,3.5352062840980913,0.2554479106914472,2.188793384556236,4.20220228055958,-1.9310192096578356,0.3358311193593271,-1.994068391906693,0.0022188981259913,32.21373014824893,3.8064744671288735,23.89454515016851,40.18751058333668,1.9411941176470584,0.3378140751614157,0.0006,2.0,2.5393617647058826,0.4868442814909253,0.0,4.219,3186.297,6.064240838548212,1.712339757989085,-0.0002505287330199,0.0040768107812798,4.148663453896309,0.1089390981605077,3.3958097418259205,4.214751677091127,0.6424405789081298,0.6341472959468091,-2.2565198053976188,1.5016940825675127,25.605973227211333,1.5009604032842343,23.96008384566041,29.387918001266215,0.6466994784518255,0.6371798970759504,-2.2697,1.4995,4.070616524842163,1.3490571965617952,0.002,4.948,10153.36,7.01699929064534,1.7226447427960885,2.760527702635242e-05,-0.0003354971323097,2008-05-03 03:41:16.453,0.0489092204596219,0.0722437532116874,0.5311544444444445,B0007,66,1.6935716157343033,1.8806626717011388,0.9005185465835807,0.9005185465835807,102.0,-0.005552368248209,0.9070405539734993,0.0045351141527351,-0.0026996322548753,0.9060709148317896,0.00019228864368558973,0.9102658754849514,0.004471222182831462,-0.002663950071368502
discharge,2008-05-03 09:10:19.812,24.0,223,5960,05960.csv,1.6876577363877656,,,3.5329852237553396,0.2570678864082441,2.1739523632140685,4.202001482736379,-1.930473835480344,0.3361045071772884,-1.9931157642861432,-0.0005031657572301,32.09949526722965,3.83680147094081,23.747372758256024,40.14605167557969,1.9410206489675512,0.3382968380077895,0.0006,2.0,2.536268436578171,0.487668526417912,0.0,4.218,3176.438,6.039232563009916,1.706415331485726,-0.0002525997769247,0.0041231478717481,4.15237266814831,0.105734311498896,3.40732726471443,4.214660426373847,0.6079057067208263,0.6325745560899771,-2.2568508289793328,1.4960260367773932,25.387711853967417,1.5078102753427374,23.80860958276678,29.24631551480774,0.6119727201463289,0.6356228516301927,-2.2691,1.4995,3.879760125424614,1.5715332151774069,0.002,4.948,10662.468,6.982611319803899,1.7134941199493157,2.478466495845884e-05,-0.0003315946610043,2008-05-03 08:38:27.484,0.0504934152804281,0.0714779278737494,0.5312022222222222,B0007,67,1.6876577363877656,1.8806626717011388,0.8973739744944307,0.8973739744944307,101.0,-0.0031445720891499,0.9042414192156484,0.0054266694626856,-0.0033342198576337,0.9005185465835807,-0.005552368248208928,0.9070405539734991,0.004535114152747108,-0.0026996322548753955
discharge,2008-05-03 14:04:34.187,24.0,227,5964,05964.csv,1.6830744356583152,,,3.532158560934324,0.2574332184607594,2.1783847786257136,4.202600613133091,-1.9305510314753316,0.3367955832619307,-1.9932876007572091,0.002667224750398,32.11305439113157,3.853453179673046,23.732576134274755,40.18846095484838,1.9408455621301772,0.3387850627647191,0.0004,2.0,2.5339201183431954,0.4881423573861852,0.0,4.219,3167.593,6.021644367339642,1.701856407877206,-0.000253865396352,0.0041531023663266,4.152356182458047,0.1056859196937777,3.411722460954055,4.2147387353767405,0.6155482454563233,0.6316386736709438,-2.259539997317955,1.498951752123876,25.34324683845571,1.4973508274122609,23.782545924452386,29.172752711612738,0.6196742038216561,0.634666472143613,-2.2691,1.4995,3.964665605095541,1.4777316373779985,0.002,4.948,10494.625,6.963390885474152,1.7082999092418372,2.53333274525578e-05,-0.0003303027190753,2008-05-03 13:32:41.671,0.049653807534869,0.0728151127537102,0.5312544444444445,B0007,68,1.6830744356583152,1.8806626717011388,0.894936907603905,0.894936907603905,100.0,-0.0024370668905256,0.900955793940362,0.0049911508592289,-0.0030580377505756,0.8973739744944307,-0.0031445720891499773,0.9042414192156485,0.005426669462696042,-0.0033342198576338986
discharge,2008-05-03 18:58:13.468,24.0,231,5968,05968.csv,1.6779270142025482,,,3.5308376380023527,0.2573513281864761,2.191481814157953,4.202328519159183,-1.924719540998312,0.3526649608118805,-1.993256726520806,0.000550345930346,32.20371989479744,3.8766566501795,23.784085634385107,40.2789498830108,1.934930177514793,0.3547783878337757,0.0004,2.0,2.528144970414201,0.5073333868119775,0.0,4.219,3167.719,6.002398054178905,1.69664240237683,-0.0002541818896886,0.0041794053620776,4.152709194310727,0.1052163658315766,3.416241958699925,4.214931268516532,0.6152087686046263,0.630854387445794,-2.25643385717496,1.4989497852420448,25.404838740175805,1.4940236360811243,23.85018234983641,29.21475971618361,0.6194023447908342,0.6339290136529616,-2.2697,1.4995,3.9807074340527575,1.4574572882497678,0.002,4.948,10467.75,6.941129507634421,1.7025273517660244,2.528017646614893e-05,-0.0003298800446779,2008-05-03 18:26:20.765,0.0498046985694802,0.0718369324871002,0.5313063888888889,B0007,69,1.6779270142025482,1.8806626717011388,0.8921998822281044,0.8921998822281044,99.0,-0.0027370253758005,0.8982200451483621,0.0053538876740904,-0.0033323704187046,0.894936907603905,-0.0024370668905256965,0.9009557939403621,0.004991150859240569,-0.003058037750575628
discharge,2008-05-03 23:42:30.093,24.0,235,5972,05972.csv,1.6732060275966172,,,3.5296958440720005,0.2590331783571659,2.1753473356526807,4.202855889678493,-1.9245739020356052,0.353068484581917,-1.9933610066273435,0.0026001975071493,32.23340825772458,3.8809728822466503,23.83125634938924,40.310727434969614,1.9347370919881304,0.3552866417739309,0.0004,2.0,2.5279406528189914,0.508683512961859,0.0,4.219,3159.077999999994,5.983917976480589,1.6919465713508786,-0.0002562530321304,0.0041953207468979,4.150213011801893,0.1069775650264402,3.4196364100267753,4.214762412303275,0.6487998814529683,0.6299025963049254,-2.258322298582479,1.4986846958697126,25.53866446967712,1.499780781772682,23.90456514902012,29.26292921590928,0.6531271830985917,0.6330327430258006,-2.2697,1.4995,4.214241408450704,1.1214902422277695,0.002,4.948,9904.406,6.920471681162353,1.6971781299761943,2.7898444800687025e-05,-0.000340527056975,2008-05-03 23:10:37.250,0.0496014214354859,0.0721211408379768,0.5313452777777778,B0007,70,1.6732060275966172,1.8806626717011388,0.8896896039751412,0.8896896039751412,98.0,-0.0025102782529632,0.8949437829770324,0.0042461528368125,-0.0026831977483205,0.8921998822281044,-0.0027370253758005614,0.8982200451483621,0.005353887674101567,-0.003332370418704608
discharge,2008-05-04 04:41:40.000,24.0,239,5976,05976.csv,1.6674367208253988,,,3.5281819372126093,0.2590267647030847,2.1832922624558813,4.202212609390717,-1.9243785304854075,0.353697587121458,-1.9942955362628867,5.813877826634093e-05,32.212169716369466,3.8971109679122353,23.78037304316956,40.31733812871393,1.9345428571428571,0.355797082781248,0.0004,2.0,2.524907738095238,0.5088617437240063,0.0,4.218,3148.829,5.9608146040524375,1.6861522277740566,-0.0002573375930393,0.0042274707847761,4.155306899207721,0.1029373901403488,3.4230046773800953,4.2147220153611,0.592157777971494,0.6285148090256132,-2.2589681205832584,1.4985988008967346,25.392212094931914,1.5112603501721853,23.839627958141584,29.24635618901523,0.5962692565823438,0.6315444925157404,-2.2691,1.4995,3.8500061951471345,1.5982643720796612,0.002,4.948,10805.656,6.902459427288027,1.6923842429794251,2.346188328546858e-05,-0.0003341238045208,2008-05-04 04:09:47.078,0.0493328695126367,0.0726378441172666,0.5313672222222222,B0007,71,1.6674367208253988,1.8806626717011388,0.886621905095363,0.886621905095363,97.0,-0.0030676988797782,0.8921644546793889,0.0042329537244217,-0.0026751442426899,0.8896896039751412,-0.0025102782529632384,0.8949437829770325,0.004246152836827072,-0.0026831977483205774
discharge,2008-05-04 09:40:11.906,24.0,243,5980,05980.csv,1.6622662630667526,,,3.5265730179666974,0.25895117983184,2.192864020990023,4.202335745153063,-1.918402879916178,0.3688510351600927,-1.995101711321147,-0.0006209850775538,32.21746401954224,3.918876824662239,23.770282871894263,40.332563430145015,1.9285922619047615,0.3710454914506255,0.0004,2.0,2.517339285714286,0.5270864247644009,0.0,4.218,3149.094,5.940860787210121,1.6809684835702725,-0.0002575226927094,0.0042517964821909,4.15567222938149,0.1025625698490026,3.425725733310602,4.2147218693240704,0.5920487199801124,0.6277393230769064,-2.257276502783645,1.497417810301238,25.37882063803655,1.5146198887886193,23.82025891547306,29.246890579031508,0.5961563810509968,0.6307566551755144,-2.2691,1.4995,3.8699844680300286,1.5760061330357555,0.002,4.948,10777.328,6.883155763375668,1.687321934676195,2.342578145097379e-05,-0.0003358874830716,2008-05-04 09:08:18.734,0.0482451502855609,0.0734441725850627,0.5314366666666667,B0007,72,1.6622662630667526,1.8806626717011388,0.8838726306845675,0.8838726306845675,96.0,-0.0027492744107955,0.8894641859174162,0.0043826242268681,-0.0027706530971416,0.886621905095363,-0.0030676988797782023,0.8921644546793889,0.004232953724436689,-0.0026751442426899805
discharge,2008-05-04 14:38:13.359,24.0,247,5984,05984.csv,1.6574243065763063,,,3.5245022548553444,0.2617924505301996,2.156097212664392,4.201997273379946,-1.9181664471622712,0.3693014357812534,-1.9939693898192543,-0.0008196546730972,32.23410177209762,3.9425202907421366,23.76194654931583,40.431258866851486,1.9283797014925377,0.3715752382459342,0.0006,2.0,2.514916417910448,0.5285076247623537,0.0,4.218,3140.547,5.9206212707581605,1.6761769576323122,-0.0002602029569486,0.0042887863730829,4.156007874053479,0.1020314991373001,3.429153432536516,4.2147325399745,0.5915470879419605,0.6270516714777199,-2.256202226309472,1.498590224623081,25.36610442135351,1.5170577104727634,23.801249183030563,29.227147864241523,0.5956068813295249,0.6300741619754816,-2.2691,1.4995,3.862667618800312,1.582328869383171,0.002,4.935,10745.86,6.861063039650998,1.6815462324926305,2.3328192636254097e-05,-0.0003383126322996,2008-05-04 14:06:20.031,0.0500151286165607,0.0738193663609285,0.53148,B0007,73,1.6574243065763063,1.8806626717011388,0.8812980294212445,0.8812980294212445,95.0,-0.0025746012633229,0.8867364102808841,0.0043692450749993,-0.0027620678904293,0.8838726306845675,-0.0027492744107955325,0.8894641859174162,0.004382624226882899,-0.0027706530971417028
discharge,2008-05-04 19:37:07.890,24.0,251,5988,05988.csv,1.652538684928734,,,3.5228548406546385,0.2633490260817586,2.138540138129487,4.201599523927098,-1.9180994998619485,0.3697212191012891,-1.9959097500887344,-0.0005785652845972,32.228343983674435,3.9516136358563103,23.751263650793735,40.46247985933005,1.9281646706586824,0.3721134777305491,0.0004,2.0,2.5120269461077847,0.5293915521063516,0.0,4.217,3131.625,5.9007349025021005,1.671325378308302,-0.0002621609210761,0.0043113948895973,4.15668004634962,0.101334712548053,3.430660001964537,4.214579723018079,0.5867625337906409,0.626221577656504,-2.2576076874496755,1.497934656066319,25.36601497084141,1.5231770110224625,23.79976434310875,29.24258075677239,0.5904765435288041,0.6291315915744178,-2.2691,1.4995,3.833021699819168,1.613011242666504,0.002,4.948,10806.781,6.847494871051736,1.6779281833563182,2.28981297831414e-05,-0.0003409241384061,2008-05-04 19:05:14.343,0.047456705587096,0.0725560099161744,0.5315408333333334,B0007,74,1.652538684928734,1.8806626717011388,0.8787002101944965,0.8787002101944965,94.0,-0.0025978192267479,0.8840364758741626,0.0043198370110747,-0.0027302663235407,0.8812980294212445,-0.0025746012633229842,0.8867364102808841,0.0043692450750145205,-0.002762067890429447
discharge,2008-05-05 00:35:53.968,24.0,255,5992,05992.csv,1.6472174627573322,,,3.5222829121237855,0.2622165090473685,2.1646493163558524,4.20196227209543,-1.9179522150901993,0.3704409853164542,-1.9950531920364831,0.0007067950076479,32.1833106060944,3.9545831460419625,23.692389087728422,40.40103455658551,1.9279495495495496,0.3726478273390545,0.0006,2.0,2.5126516516516517,0.5296459795357775,0.0,4.218,3121.907,5.88059965048413,1.6659497158262415,-0.000262630728572,0.0043292938423117,4.157264783828636,0.1009348694799358,3.4323801576639834,4.214616737514549,0.5852801437987227,0.6250381976223519,-2.2559698725759985,1.4972758281312215,25.328687996097223,1.534645221040405,23.756892741633997,29.205804963938984,0.589272680279142,0.6280044493108116,-2.2691,1.5,3.874104936676144,1.5697175325259267,0.002,4.948,10806.593999999996,6.830199592578087,1.6733466884732024,2.2802335566691973e-05,-0.0003458218741234,2008-05-05 00:04:00.250,0.048886406569936,0.0728986838603586,0.5315883333333333,B0007,75,1.6472174627573322,1.8806626717011388,0.8758707702042889,0.8758707702042889,93.0,-0.0028294399902075,0.8812727091199921,0.0042181994266698,-0.0026674690272219,0.8787002101944965,-0.002597819226747955,0.8840364758741626,0.004319837011090531,-0.0027302663235408
discharge,2008-05-05 05:28:13.937,24.0,259,5996,05996.csv,1.6364136810898071,,,3.5189923820688493,0.2657987880982344,2.1187211383693167,4.202045571197949,-1.9116539768893377,0.385013243725902,-1.993252278498655,0.0025842973651256,32.17200142078129,3.989270609895539,23.642375027314003,40.4426971996319,1.9219447447447444,0.387262514898299,0.0004,2.0,2.502555555555555,0.5480197006120543,0.0,4.218,3122.125,5.857228806793807,1.6604881076487283,-0.0002649550269198,0.0043670012569272,4.156127781729184,0.1016356094305188,3.4364884554424178,4.214694942964417,0.6042134870023935,0.6249420941541747,-2.2586154785414965,1.498671625820865,25.324904467851695,1.5361933377246992,23.71139065017894,29.15027468636607,0.6080651742627347,0.62798705698359,-2.2691,1.4995,3.9967302949061656,1.4324953400891485,0.002,4.948,10429.547,6.803587379367526,1.6664038144446285,2.415678370166997e-05,-0.0003546799462028,2008-05-05 04:56:20.000,0.0490424047891537,0.072023713051489,0.5316491666666666,B0007,76,1.6364136810898071,1.8806626717011388,0.8701261027367561,0.8701261027367561,92.0,-0.0057446674675328,0.8779735486482707,0.0053005533390778,-0.0032920315112578,0.8758707702042889,-0.0028294399902075718,0.8812727091199921,0.004218199426686395,-0.0026674690272219777
discharge,2008-05-05 11:41:31.500,24.0,263,6000,06000.csv,1.6362554312048496,,,3.5177844279570794,0.2660021511721999,2.1377868706438155,4.204697039833386,-1.9115865510736891,0.3850783041628466,-1.9934424013813432,0.0016296703790506,32.03316223587618,3.928321114584467,23.617774403005388,40.26214977673693,1.9219447447447444,0.387262514898299,0.0004,2.0,2.4874864864864867,0.5451873887540173,0.0,4.221,3121.672,5.854045152219231,1.6602561800126316,-0.0002661343258032,0.0042983445810994,4.158424100775489,0.0996516114239316,3.437390590174292,4.214633904589618,0.5810528247044214,0.6228240499953488,-2.2596361366365243,1.4961162418899276,25.15003755101717,1.5787483903522876,23.473927272399827,29.069744196379535,0.5848880237972065,0.6258073368783034,-2.2691,1.4995,3.879062079668908,1.5605587382589474,0.002,4.948,10807.094,6.787680456055111,1.662100077140783,2.2376586398194587e-05,-0.0003663087319509,2008-05-05 09:54:58.250,0.0486198173689242,0.0722347055628345,1.7759027777777778,B0007,77,1.6362554312048496,1.8806626717011388,0.8700419569261656,0.8700419569261656,91.0,-8.414581059046355e-05,0.8752074138965902,0.005055614054063,-0.0031086252447898,0.8701261027367561,-0.005744667467532882,0.8779735486482707,0.005300553339091513,-0.003292031511257903
discharge,2008-05-05 20:40:08.562,24.0,265,6002,06002.csv,1.641119179218384,,,3.5212226057273495,0.267463244027458,2.103155697792567,4.203964293328523,-1.9176487188202131,0.3703282072913336,-1.993721164618022,-0.0003124695442695,32.506671891788216,3.863021171137795,24.16791053748723,40.64566836195685,1.9279489489489487,0.3726509338172538,0.0004,2.0,2.510990990990991,0.531401148003105,0.0,4.22,3120.86,5.87708991176168,1.6651901326573508,-0.0002666993924943,0.0042238612741098,4.159699163403841,0.096735965783414,3.4601443516238364,4.214745527678928,0.5834814407311889,0.6226066462310614,-2.2575471354309986,1.49634019858811,25.474627913650306,1.466880495839105,24.108973796406932,29.345336772449535,0.5875364466475346,0.6256864338662281,-2.2691,1.4995,3.8872181059222544,1.5564052416376302,0.002,4.948,10719.016,6.767693446191522,1.655717758142052,2.196244304761386e-05,-0.0002396411198012,2008-05-05 09:54:58.250,0.0486198173689242,0.0722347055628345,10.752864444444445,B0007,78,1.641119179218384,1.8806626717011388,0.8726281453408773,0.8726281453408773,90.0,0.0025861884147116,0.873473437080517,0.0037669810417123,-0.0017972942985361,0.8700419569261656,-8.414581059046355e-05,0.8752074138965902,0.005055614054077722,-0.0031086252447899403
discharge,2008-05-06 01:38:46.265,24.0,269,6006,06006.csv,1.6315700789656966,,,3.5172227884430147,0.2625180523459421,2.186737546753024,4.201985395805308,-1.9111337702474192,0.3859863634088458,-1.9950801271316676,0.0010705188392996,31.96103948562093,3.907561361864347,23.55302449077993,39.95209030011925,1.921473111782477,0.3883830536294164,0.0004,2.0,2.4979365558912385,0.5475672086041962,0.0,4.217,3103.828,5.817751586988509,1.6503476506735772,-0.0002652851205062,0.00430106294202,4.1580679564787895,0.1002286495603895,3.4272940026925487,4.214717340768705,0.583036658247554,0.6230153257491114,-2.2578144403866363,1.4978950673011409,25.309912948438804,1.5658486059479173,23.653037327226095,29.227318696670796,0.586545929180667,0.6259687123999826,-2.2691,1.4995,3.8809961230292065,1.5571060670164638,0.002,4.935,10806.437000000004,6.808296803401708,1.667367077034737,2.252414105895591e-05,-0.0003611851373865,2008-05-06 01:06:52.015,0.0483073918075697,0.0744961098767474,0.5317361111111111,B0007,79,1.6315700789656966,1.8806626717011388,0.867550626444812,0.867550626444812,89.0,-0.0050775188960653,0.87124352033058,0.0031487485513144,-0.0014138244914832,0.8726281453408773,0.0025861884147116987,0.873473437080517,0.003766981041732326,-0.0017972942985363422
discharge,2008-05-06 06:37:06.296,24.0,273,6010,06010.csv,1.621213282987236,,,3.5125010864221813,0.2684194030833104,2.1007747911593695,4.20178017149305,-1.9108556098369367,0.3864575673331354,-1.9937540476262583,0.0012645403116355,31.798082670491866,4.039383392805075,23.15836420422582,40.165034583244065,1.9212351515151511,0.3889469739984524,0.0004,2.0,2.4944030303030305,0.5500528883578536,0.0,4.217,3095.094,5.792748313295921,1.6453643701617962,-0.000269748379484,0.0044598110425186,4.159707944141472,0.0981891908300519,3.4387485764711876,4.214654945008987,0.5782298330343395,0.6203441264929798,-2.257803885265159,1.4985336695650835,24.83271348154768,1.5578181442641992,23.218283145452887,28.734579293571617,0.5814418177110307,0.6233555490591529,-2.2691,1.4995,3.881482392542724,1.5556027792501017,0.002,4.935,10805.265,6.755625806790082,1.6532443830262529,2.1908496421751797e-05,-0.0003591945202794,2008-05-06 06:05:11.921,0.0480771408936205,0.0740377027178474,0.5317708333333333,B0007,80,1.621213282987236,1.8806626717011388,0.8620436335458184,0.8620436335458184,88.0,-0.0055069928989935,0.8684780929988859,0.0040201680183137,-0.0018656268863229,0.867550626444812,-0.005077518896065336,0.87124352033058,0.0031487485513389153,-0.0014138244914832646
discharge,2008-05-06 11:25:21.031,24.0,277,6014,06014.csv,1.6164273214762122,,,3.5129614635074673,0.2654991445134645,2.1417010068719846,4.202220537976551,-1.9049762303506044,0.4005172724970495,-1.9934634318284483,0.0007746435520126,31.95802833708937,4.100074784183007,23.26175935743409,40.36674175781141,1.9151769696969696,0.4029891069471853,0.0006,2.0,2.486830303030303,0.5657537168880425,0.0,4.218,3095.781,5.777434052781424,1.6405723282935023,-0.0002676785000385,0.0045309871682642,4.157611519016756,0.0998208879496483,3.439361746601517,4.214643753973769,0.6108532334353195,0.6207492608697688,-2.256363794384646,1.4969963282788086,24.88956188067808,1.5198898490864376,23.30660768818024,28.661365876187777,0.6145512764205326,0.6236840951484915,-2.2691,1.4995,4.137746637386768,1.2324171711568972,0.002,4.948,10208.062,6.7327507429117395,1.6472616190647518,2.427875330951605e-05,-0.0003526175114738,2008-05-06 10:53:26.531,0.0488972024305583,0.0719367446163898,0.5318055555555555,B0007,81,1.6164273214762122,1.8806626717011388,0.8594988063511068,0.8594988063511068,87.0,-0.0025448271947116,0.866352633721756,0.0054765584652923,-0.0031670812945176,0.8620436335458184,-0.00550699289899359,0.8684780929988859,0.004020168018333376,-0.0018656268863228558
discharge,2008-05-06 16:23:36.296,24.0,281,6018,06018.csv,1.615823510161921,,,3.512520410039196,0.2692443243789981,2.0912297625621297,4.2013887453306085,-1.905106852054852,0.4005777576368912,-1.9955237523449136,0.0004752084007865,32.41813169746276,4.104813634275824,23.705879583857502,40.88269125311642,1.9151763636363637,0.4029919864442617,0.0004,2.0,2.4847030303030304,0.5669571222549954,0.0,4.217,3094.328,5.775091282241098,1.639817282920233,-0.0002702709121001,0.0045372239642043,4.1603779113712145,0.0974668898891429,3.4422909692222348,4.214780400715733,0.5736847833082896,0.6191248016891988,-2.2547997798913593,1.4974912131364522,25.13848713559105,1.497862836630692,23.71602336594692,29.00140228722429,0.5775689717689718,0.6219999651229946,-2.2691,1.4995,3.878931623931624,1.5582879215010186,0.002,4.948,10807.219,6.711075973253044,1.6419676238584775,2.164751032835006e-05,-0.000330993709501,2008-05-06 15:51:41.546,0.0506051927379808,0.0740047112077274,0.531875,B0007,82,1.615823510161921,1.8806626717011388,0.859177743289997,0.859177743289997,86.0,-0.0003210630611097,0.8641797909945221,0.0057929372927242,-0.0034952624195465,0.8594988063511068,-0.0025448271947116075,0.866352633721756,0.00547655846530697,-0.003167081294517683
discharge,2008-05-06 21:21:49.265,24.0,285,6022,06022.csv,1.61672418029789,,,3.5151454557578807,0.264592914024469,2.1663009505205935,4.201620573144587,-1.9049079394753692,0.4011093811263723,-1.9937747556066172,0.0014730247330521,32.64044972789331,4.035276418212726,24.063147568932987,40.85633220225456,1.914917933130699,0.4035796792708326,0.0004,2.0,2.4900364741641337,0.5667301281768186,0.0,4.217,3086.531,5.763553948391042,1.6354662322934124,-0.0002682871094952,0.004473429166185,4.159943440903098,0.0981008048918821,3.440167531478127,4.21461504007756,0.5735566316606672,0.6196724838530911,-2.2575052091681385,1.5002181576903035,25.67656084340354,1.5103202930802735,24.12666750927868,29.537310773703567,0.5776187208700155,0.6226322663358087,-2.2697,1.4995,3.8708871051268767,1.5683183845616866,0.002,4.948,10805.906,6.705918002765424,1.6411431974668278,2.182269142474108e-05,-0.0003381401524761,2008-05-06 20:49:54.421,0.0551322750889738,0.074631884295366,0.5319011111111112,B0007,83,1.61672418029789,1.8806626717011388,0.8596566543406186,0.8596566543406186,85.0,0.0004789110506215,0.8615854927944705,0.0035236574813706,-0.0018653834464208,0.859177743289997,-0.0003210630611097942,0.8641797909945221,0.005792937292738202,-0.003495262419546619
discharge,2008-05-07 02:17:25.156,24.0,289,6026,06026.csv,1.6108655863730026,,,3.5134431794731813,0.2638836935216725,2.1843637809529235,4.201668680267049,-1.898761620917719,0.4145639691317064,-1.993529946094214,0.0007479343585839,32.56399373078006,4.0489676097337375,23.95500402082536,40.778024611598504,1.908841945288754,0.4170750815511844,0.0006,2.0,2.480863221884498,0.5825304324204895,0.0,4.218,3085.625,5.740753354217776,1.6295978762616463,-0.0002678595597538,0.0044903046419442,4.159692060850637,0.0983190802969267,3.442544012611506,4.214731729762176,0.5801903405112744,0.6191133641039983,-2.2583118126282766,1.4975965365931376,25.62368416476886,1.546027349886317,24.01979491256633,29.488543232595912,0.5841019968470836,0.6221735612906641,-2.2691,1.4995,3.936626904887021,1.496701660234619,0.002,4.948,10655.937000000004,6.68770165788719,1.6364573585637785,2.2310315614610657e-05,-0.0003609204153021,2008-05-07 01:45:30.125,0.0521223870633006,0.0753033577103886,0.5319530555555555,B0007,84,1.6108655863730026,1.8806626717011388,0.8565414790287227,0.8565414790287227,84.0,-0.0031151753118958,0.8593836633112526,0.0019547146991853,-0.0010846461044679,0.8596566543406186,0.0004789110506215888,0.8615854927944705,0.003523657481394041,-0.0018653834464208384
discharge,2008-05-07 07:04:02.109,24.0,293,6030,06030.csv,1.6006603374309376,,,3.5097089402574535,0.2695757399413419,2.113995772639173,4.202567159315787,-1.90433828068926,0.4023836860850073,-1.9937950394148771,0.002791130516547,32.28305350922276,4.030966130077138,23.712966469853814,40.5829305350897,1.9143981651376143,0.4047540703797654,0.0004,2.0,2.4863058103975537,0.56971755816584,0.0,4.218,3067.203,5.716456662638244,1.6247445560775966,-0.0002739838003451,0.0044940171638037,4.157997794537938,0.0995852718028866,3.446221259821577,4.214640908593128,0.6100629362631118,0.6189939199799399,-2.2561160307677173,1.4970654794540754,25.554462099423464,1.5570796627461965,23.863378155862616,29.344957303409892,0.6139666204602162,0.6220891196586261,-2.2697,1.4995,4.178019683947879,1.164202405906794,0.002,4.948,10117.172,6.66513610897743,1.6304413880736184,2.443894427471604e-05,-0.0003772149039817,2008-05-07 06:32:06.906,0.0507757180756749,0.0749637852079893,0.5320008333333334,B0007,85,1.6006603374309376,1.8806626717011388,0.8511150678516274,0.8511150678516274,83.0,-0.0054264111770953,0.8571979501724144,0.0036294337650845,-0.0019403741260233,0.8565414790287227,-0.003115175311895868,0.8593836633112527,0.001954714699228146,-0.0010846461044679574
discharge,2008-05-07 12:01:49.906,24.0,297,6034,06034.csv,1.5959174487005665,,,3.5042771471756997,0.2759386941922997,2.0287779476202195,4.201472345711643,-1.904192698545851,0.4031010093914232,-1.994813747444024,0.0015411386303345,32.06065237439007,4.1025915192805655,23.380469376342713,40.6345689985191,1.9141355828220856,0.4053465730910832,0.0004,2.0,2.4811717791411048,0.5722242266663928,0.0,4.217,3058.157,5.6912426228244595,1.6200110476582623,-0.0002789060084733,0.004586625379831,4.161882420497646,0.0959977491929025,3.4475763911040884,4.2146284359111865,0.5677156704779872,0.61562397376617,-2.2565972479494287,1.497239174516359,25.086777788456857,1.570160282036182,23.463900080247207,28.997287486309055,0.5714099299974075,0.6185484743519056,-2.2691,1.4995,3.900590095929479,1.5304664514351631,0.002,4.948,10805.86,6.645696220366166,1.625011028255703,2.114934511578209e-05,-0.0003726124671403,2008-05-07 11:29:54.546,0.0512672493033793,0.07541159661766,0.5320444444444444,B0007,86,1.5959174487005665,1.8806626717011388,0.8485931436374986,0.8485931436374986,82.0,-0.0025219242141287,0.8550168176296928,0.0049409821474135,-0.0029710785793987,0.8511150678516274,-0.005426411177095303,0.8571979501724144,0.00362943376510789,-0.001940374126023346
discharge,2008-05-07 16:59:29.937,24.0,301,6038,06038.csv,1.5962179519462243,,,3.509207943122176,0.2640340111657324,2.1948906641943635,4.201332830124454,-1.8982712229514884,0.4163384641983915,-1.994905249607193,-7.384784317216585e-05,32.365261126964526,4.154090104643841,23.582488319458513,40.75070125010339,1.9080024539877296,0.4189004318130014,0.0004,2.0,2.475223926380368,0.5842293824598082,0.0,4.217,3058.812,5.682079807585008,1.6150573334208287,-0.0002707371311764,0.0046506768210927,4.162474734978786,0.0951818510766475,3.4474734570188126,4.214711732650793,0.5662162384023228,0.6148799809102539,-2.2587285258591323,1.4973010402435254,25.056441260108773,1.530744373973862,23.574984552490218,28.942764795322784,0.5700752916774695,0.6177250539564767,-2.2691,1.4995,3.902082188229193,1.5294223594810776,0.002,4.948,10806.328,6.6318054176565004,1.621137279597127,2.0913066908576e-05,-0.0003474147776605,2008-05-07 16:27:34.437,0.0513556785028954,0.0749649652243977,0.5320833333333334,B0007,87,1.5962179519462243,1.8806626717011388,0.8487529294673445,0.8487529294673445,81.0,0.0001597858298458,0.8529318548651623,0.0049457270000643,-0.0029755785137772,0.8485931436374986,-0.002521924214128779,0.8550168176296928,0.004940982147430951,-0.0029710785793987957
discharge,2008-05-07 21:56:09.656,24.0,305,6042,06042.csv,1.5958065114633972,,,3.5095064920492853,0.2665102035429568,2.1621122251410005,4.201522880341636,-1.8977934870545976,0.4164923578079048,-1.9940601969636649,0.0018530612527821,32.68851871366292,4.12963931213872,23.982069185971252,41.0672419235651,1.9080024539877296,0.4189004318130014,0.0004,2.0,2.4768435582822086,0.5851313025041138,0.0,4.217,3058.578,5.681366066603345,1.6145820819454737,-0.0002726005106007,0.0046223599507534,4.162064680444332,0.0956870350096092,3.4521481957478666,4.214650058526536,0.567810278444246,0.6153168413721931,-2.2578935905488997,1.4979403218483651,25.564533976059447,1.5355765690497265,24.032844472635706,29.435653039427557,0.5715877119749545,0.6181904996110413,-2.2697,1.4995,3.905472475867466,1.525781212771884,0.002,4.948,10744.828,6.611947147216562,1.616583972873032,2.1210970606671047e-05,-0.0003524884550222,2008-05-07 21:24:14.000,0.0519489574586029,0.0746990678040035,0.5321266666666666,B0007,88,1.5958065114633972,1.8806626717011388,0.8485341552613064,0.8485341552613064,80.0,-0.0002187742060381,0.8507073550492998,0.0034356840259055,-0.0018376785919115,0.8487529294673445,0.00015978582984588208,0.8529318548651623,0.0049457270000820034,-0.0029755785137772542
discharge,2008-05-08 02:53:49.937,24.0,309,6046,06046.csv,1.5906507821480704,,,3.505203266169396,0.2778003723633003,2.0092802451741245,4.201386492450036,-1.903643646720525,0.4037263184241458,-1.9937194932286224,0.0040410194427514,32.747733642524246,4.151667084862948,24.051439279589804,41.40590880756584,1.9138713846153843,0.4059416777506419,0.0004,2.0,2.4807138461538463,0.5735174556734347,0.0,4.217,3049.328,5.674946153706331,1.6148057066120742,-0.0002811348879224,0.0046572823259589,4.162110677449121,0.0957960052115472,3.449998672984214,4.214607868406527,0.5646348152196095,0.614996986664774,-2.2576276206357586,1.4977223610449262,25.71603687619593,1.5642022371647688,24.11607787722904,29.629351330078233,0.5684276783398184,0.6179395340230448,-2.2697,1.4995,3.8905901426718543,1.5406327837708185,0.002,4.948,10804.797000000006,6.608958850038186,1.6159913814543043,2.105744465646609e-05,-0.000364406767035,2008-05-08 02:21:54.109,0.0512866747765454,0.0753948401341443,0.5321744444444444,B0007,89,1.5906507821480704,1.8806626717011388,0.84579271236838,0.84579271236838,79.0,-0.0027414428929263,0.8485576017172314,0.0018858162711133,-0.0010703699342686,0.8485341552613064,-0.00021877420603810815,0.8507073550492998,0.0034356840259312533,-0.0018376785919116433
discharge,2008-05-09 12:25:07.000,24.0,312,6049,06049.csv,1.6888211161855506,,,3.5281182345919753,0.2741630579925055,2.144268362237989,4.2333254357000865,-1.9369923426487148,0.3195835892676469,-1.9937139334305616,0.0010773421833417,32.50500516961017,3.999264397606396,23.850620264439623,41.01558674901627,1.9469179941002948,0.3214275080800469,0.0004,2.0,2.5362300884955755,0.476856508763527,0.0,4.249,3177.219,6.052063994967586,1.712927946186764,-0.0002716185478545,0.0042918562145202,4.162110677449121,0.0957960052115472,3.449998672984214,4.214607868406527,0.5646348152196095,0.614996986664774,-2.2576276206357586,1.4977223610449262,25.71603687619593,1.5642022371647688,24.11607787722904,29.629351330078233,0.5684276783398184,0.6179395340230448,-2.2697,1.4995,3.8905901426718543,1.5406327837708185,0.002,4.948,10804.797000000006,6.608958850038186,1.6159913814543043,2.105744465646609e-05,-0.000364406767035,2008-05-09 11:53:10.593,0.0550281379445186,0.0770592019906943,0.5323352777777778,B0007,90,1.6888211161855506,1.8806626717011388,0.8979925754882669,0.8979925754882669,78.0,0.0521998631198868,0.8579331032445593,0.0224276674350197,0.0095838646602572,0.84579271236838,-0.002741442892926327,0.8485576017172314,0.0018858162711608284,-0.001070369934268729
discharge,2008-05-09 20:28:09.734,24.0,315,6052,06052.csv,1.6259938279733204,,,3.519590928396835,0.2705473630434238,2.0962813773920193,4.203917718634026,-1.9233409193548263,0.3573271222732376,-1.9940123642001173,0.0001619323178991,32.91993878980996,3.9779476648867633,24.43569034018692,41.31851435911838,1.9331495440729485,0.3594360155125144,0.0004,2.0,2.5165531914893613,0.5174311381555767,0.0,4.22,3082.937,5.8200950508713785,1.6500819621462113,-0.0002728129826725,0.0044065016710277,4.16124700040263,0.0950811737157891,3.444905434804836,4.214646441245995,0.5728250416510823,0.6205915367541502,-2.259536832988886,1.4969195166274447,25.616278552522115,1.4553633502465402,24.14817210616072,29.492381619864656,0.5772107975142414,0.6235213031102883,-2.2691,1.4995,3.840739513205592,1.6005505896547263,0.002,4.948,10802.578,6.7065926009837,1.64003223412061,2.1185714255689714e-05,-0.0002287232868772,2008-05-09 13:19:35.703,0.0552726615718286,0.0766648164177507,7.142786388888888,B0007,91,1.6259938279733204,1.8806626717011388,0.86458558062544,0.86458558062544,77.0,-0.0334069948628269,0.8611315906421476,0.0218967467217298,0.0081123722543151,0.8979925754882669,0.05219986311988689,0.8579331032445593,0.02242766743502353,0.00958386466025718
discharge,2008-05-10 01:21:56.500,24.0,319,6056,06056.csv,1.6157433862812898,,,3.5146260368096875,0.2748582335987081,2.0376560852489356,4.202046403451837,-1.9168842193561364,0.3729974923595268,-1.9933319825535087,0.0025807635004239,32.948305858317944,4.0004148447474615,24.481210786362457,41.4002950560853,1.9268512195121952,0.3753703872450037,0.0006,2.0,2.504871951219512,0.537392713688473,0.0,4.218,3074.266,5.777020974284328,1.6397656608575055,-0.0002764035914621,0.0044445849432424,4.157403064239153,0.1006856255154477,3.4128725007871648,4.214634163331606,0.5912602816785927,0.6230998894766528,-2.25984186287353,1.4957895477700944,26.192445895478503,1.5392395952935458,24.572723293075224,30.056355404654543,0.595402120328651,0.6261973851460937,-2.2691,1.4995,3.9313623111582294,1.5053401454634003,0.002,4.948,10544.452999999994,6.735756645442641,1.649524135143858,2.336213158750065e-05,-0.0003541641798841,2008-05-10 00:49:59.984,0.0532410231168491,0.0755833501431638,0.5323655555555555,B0007,92,1.6157433862812898,1.8806626717011388,0.8591351392218476,0.8591351392218476,76.0,-0.0054504414035924,0.8632080325930482,0.0208989627607335,0.0039994836178142,0.86458558062544,-0.033406994862826944,0.8611315906421476,0.02189674672173364,0.008112372254315069
discharge,2008-05-10 06:18:12.000,24.0,323,6060,06060.csv,1.6056626764846538,,,3.5115494818370454,0.2738568804220646,2.050265845971926,4.201592874087554,-1.910472150518363,0.3884097695100597,-1.9934516762680057,0.0003022515281129,32.76906651915661,4.043926015268153,24.22844716982348,41.2508092329952,1.9205125382262995,0.3906535517412491,0.0004,2.0,2.4941559633027524,0.5545457105545119,0.0,4.217,3066.0,5.73704566709158,1.6296761858018656,-0.0002766675929608,0.0045075911538899,4.159130474098866,0.0989047587455635,3.4209172933304357,4.214633287059249,0.5784386636466524,0.6207035693448208,-2.257119845149217,1.4967368393033191,25.99244956080433,1.5769968921552928,24.334799267695907,29.9217154585725,0.5824674157303372,0.6237805541999097,-2.2697,1.4995,3.874728246668409,1.5644075046817592,0.002,4.948,10701.125,6.696395508244374,1.6391985549619557,2.231418808505894e-05,-0.0003697969236873,2008-05-10 05:46:15.296,0.0527346999149458,0.0757426277404382,0.5324177777777778,B0007,93,1.6056626764846538,1.8806626717011388,0.8537749489291794,0.8537749489291794,75.0,-0.0053601902926682,0.8642561913266228,0.0200949856040431,-0.002289296314482,0.8591351392218476,-0.00545044140359241,0.8632080325930481,0.020898962760737397,0.003999483617814243
discharge,2008-05-10 11:16:04.843,24.0,327,6064,06064.csv,1.5949746921524348,,,3.510769869032659,0.2677238086862575,2.1421639870693685,4.201214370586727,-1.904277326283454,0.4029610000929736,-1.9942033375334116,-0.0006093698061376,32.59734424608833,4.061553116289224,24.003142454503458,40.95362783962595,1.9141355828220856,0.4053465730910832,0.0004,2.0,2.484263803680982,0.569267733578417,0.0,4.217,3056.437,5.698533580976982,1.6189903302168105,-0.0002735822640842,0.0045445588682216,4.160505352231573,0.0973505872691939,3.428883275083532,4.214655908274801,0.5688224055990168,0.618578145821638,-2.2580269759095866,1.4967058708335692,25.7378775367257,1.5838792488387996,24.09471598035405,29.685947006810565,0.572920781573499,0.6215141482920852,-2.2691,1.4995,3.829368530020703,1.6099065120495857,0.002,4.948,10805.813,6.657849042997684,1.62907363642146,2.1504622759232837e-05,-0.0003722418959793,2008-05-10 10:44:07.859,0.0541016697661152,0.0760586204874903,0.5324955555555555,B0007,94,1.5949746921524348,1.8806626717011388,0.8480918540855138,0.8480918540855138,74.0,-0.0056830948436655,0.8647160196700495,0.0195867449974628,-0.0110612074501766,0.8537749489291794,-0.00536019029266821,0.8642561913266228,0.020094985604047176,-0.0022892963144820555
discharge,2008-05-10 16:11:56.109,24.0,331,6068,06068.csv,1.5904102438871943,,,3.50804494279531,0.2714351723858833,2.093098662464846,4.201660608337926,-1.904002494100001,0.4034747145975811,-1.9942540792901025,0.000577433970476,32.52349894408369,4.100681844607601,23.879196296054904,40.989022190981714,1.9138713846153843,0.4059416777506419,0.0004,2.0,2.4820215384615385,0.5710465934087926,0.0,4.217,3048.219,5.678186762251141,1.6144678451299883,-0.0002769787281579,0.0046021336281326,4.161111580296077,0.0967455365739411,3.4381876429567035,4.214734865641993,0.5717975094361378,0.6170048850270762,-2.2588361587869192,1.4998824605574792,25.603747603389166,1.5773393883120566,23.97313141021572,29.52893852325117,0.5758787005501703,0.6200059954028145,-2.2691,1.4995,3.903585538380927,1.5285479909130828,0.002,4.935,10693.438,6.622441836205796,1.619744115509475,2.167627363915924e-05,-0.0003707059706543,2008-05-10 15:39:59.140,0.0533794376190377,0.0768769249386572,0.5324913888888889,B0007,95,1.5904102438871943,1.8806626717011388,0.8456648115680423,0.8456648115680423,73.0,-0.0024270425174715,0.8542504668860046,0.0077868913249669,-0.0048884823251129,0.8480918540855138,-0.0056830948436655815,0.8647160196700495,0.01958674499746698,-0.011061207450176734
discharge,2008-05-10 21:07:54.625,24.0,335,6072,06072.csv,1.5853517062988178,,,3.507748080950393,0.2705086991832359,2.109503853325003,4.201750207865124,-1.9036546380501311,0.4043586768146547,-1.999980148540772,0.001450116371467,32.578228834731775,4.111733496864432,23.935993772910926,41.02622774121347,1.913606172839506,0.4065364985499507,0.0006,2.0,2.48125,0.5712677064549261,0.0,4.218,3039.218,5.659917861268947,1.6094293397117418,-0.0002773833276164,0.0046293629932815,4.161784165329537,0.0960661872299087,3.4400904606244587,4.214744172995059,0.5689033167628476,0.615697948189209,-2.2578079576131604,1.497871651645936,25.5746806909274,1.563744671796519,23.9842830437136,29.489260448244107,0.5730559131344846,0.6186614306232503,-2.2691,1.4995,3.915232339089482,1.514680045733313,0.002,4.948,10708.406,6.602681508293792,1.6145123124697451,2.1422083610474693e-05,-0.0003661891917678,2008-05-10 20:35:57.437,0.0552376704500517,0.078843810663738,0.5325522222222222,B0007,96,1.5853517062988178,1.8806626717011388,0.8429750481859675,0.8429750481859675,72.0,-0.0026897633820748,0.84992836039811,0.0065088434920871,-0.0040430319432897,0.8456648115680423,-0.0024270425174715005,0.8542504668860046,0.007786891324978026,-0.004888482325112948
discharge,2008-05-11 02:05:21.796,24.0,339,6076,06076.csv,1.5799737147242376,,,3.506667352106726,0.2692433210994772,2.1295447836320704,4.201226117420626,-1.8977146678452776,0.4177461648867441,-1.995744295058308,0.0003095311788683,32.62728298499839,4.116933403314129,23.980765847990668,41.01371342582121,1.9074345679012343,0.4201287898247728,0.0004,2.0,2.4743179012345675,0.5873413215083293,0.0,4.217,3039.047,5.639981128155463,1.6040326523018948,-0.0002763301930908,0.0046369658330679,4.162435132005642,0.0952480183953448,3.4431661794657753,4.214670168995556,0.5616365499924564,0.6147658766591454,-2.2571025923731836,1.498376851449175,25.62855590034613,1.5678230721114987,24.036904658545424,29.555663549954055,0.5658029556650247,0.6177482247147859,-2.2697,1.4995,3.861528908478092,1.572236388178591,0.002,4.948,10805.297000000006,6.578729680541485,1.6084542968454332,2.085527161755434e-05,-0.0003661580301524,2008-05-11 01:33:24.437,0.0544393382809305,0.0778542051961001,0.5325997222222222,B0007,97,1.5799737147242376,1.8806626717011388,0.8401154223447657,0.8401154223447657,71.0,-0.0028596258412018,0.8461244170226937,0.0052115071076081,-0.0032435859068373,0.8429750481859675,-0.002689763382074828,0.8499283603981101,0.006508843492100724,-0.0040430319432896355
discharge,2008-05-11 06:55:27.734,24.0,343,6080,06080.csv,1.5752185465278068,,,3.5061843921745397,0.2691227468747876,2.138556110583413,4.201796973837129,-1.8973347377958825,0.4182360497473145,-1.995283636272928,0.0007088973292597,32.652115712561326,4.118310158305885,23.999220368885872,41.04923314430273,1.907146749226006,0.4207526326067011,0.0004,2.0,2.474219814241486,0.5881195340716221,0.0,4.218,3030.375,5.622384724607772,1.5992977156114052,-0.0002772745025088,0.004650892105295,4.161122628619384,0.0964591848618174,3.445279149806934,4.2146517893649875,0.5846780336100885,0.6153504408707144,-2.2580114961651523,1.4985326647097332,25.704388603277437,1.5721186346778313,24.057464111898444,29.573584932950624,0.5888952355170547,0.6184121025807461,-2.2691,1.4995,4.042874390904169,1.3602624276766313,0.002,4.948,10363.61,6.561338900668856,1.6039303072027375,2.252441626918906e-05,-0.0003790118400371,2008-05-11 06:23:30.250,0.0540548756909633,0.0782110561479581,0.5326344444444444,B0007,98,1.5752185465278068,1.8806626717011388,0.8375869688012445,0.8375869688012445,70.0,-0.0025284535435211,0.8428868209971068,0.0042007876906559,-0.0026559159791815,0.8401154223447657,-0.002859625841201807,0.8461244170226937,0.00521150710762548,-0.003243585906837403
discharge,2008-05-11 11:52:47.187,24.0,347,6084,06084.csv,1.569798484648868,,,3.5051004339266254,0.2689389259212894,2.1437793669909317,4.201200470517945,-1.8970045774163773,0.4188464005659871,-1.9943198333456515,0.0016972268277341,32.64767456395258,4.135322062548897,23.973654052530293,41.05277512550887,1.906860248447205,0.4213651693428659,0.0006,2.0,2.4726211180124222,0.5886982475214063,0.0,4.217,3021.0,5.601397050692208,1.5939076477841838,-0.0002781231693454,0.0046871033175823,4.163316309598824,0.0942700969066673,3.4484807940696336,4.214608312282589,0.5580418254115235,0.6129345869034374,-2.2598985853212543,1.4984986693548632,25.63485128551617,1.5780233427496184,24.038172084351473,29.574504883211656,0.5621167531120331,0.6158529676126102,-2.2691,1.4995,3.861736773858921,1.570904873416603,0.002,4.948,10805.094,6.541311142563024,1.598724153569629,2.0538753875344497e-05,-0.0003715148775231,2008-05-11 11:20:49.578,0.0533532265941854,0.0781986731221035,0.5326691666666666,B0007,99,1.569798484648868,1.8806626717011388,0.8347049730236412,0.8347049730236412,69.0,-0.0028819957776032,0.8402094447847321,0.0043184203936275,-0.0027307756473525,0.8375869688012445,-0.0025284535435211586,0.8428868209971068,0.004200787690677918,-0.002655915979181528
discharge,2008-05-11 16:49:58.921,24.0,351,6088,06088.csv,1.5702565375950357,,,3.5054479186890566,0.2654737839390413,2.199196544880164,4.201289094579205,-1.8909127399289272,0.4318752742370957,-1.9968908750212224,0.0050718814465873,32.6993879231031,4.1434355534635925,24.01135599553165,41.02092182377061,1.900650310559006,0.4344774450577138,0.0004,2.0,2.46505900621118,0.603252164137768,0.0,4.217,3021.75,5.585607978791153,1.5891502676011144,-0.0002753686795087,0.0046960193474071,4.163753434252257,0.0938917327125134,3.450761952918757,4.214720979959802,0.5565552914703132,0.6118386819444694,-2.2580707743707293,1.4979188896311997,25.6527336441731,1.577431338740356,24.065347545297957,29.59702533136257,0.5605823514144823,0.6148546446276689,-2.2691,1.4995,3.8759099403062542,1.5538121418846544,0.002,4.948,10805.5,6.524541089557955,1.594367057933732,2.043033909146888e-05,-0.0003709801219548,2008-05-11 16:18:00.812,0.0535477968915447,0.0779984052656677,0.5328080555555555,B0007,100,1.5702565375950357,1.8806626717011388,0.8349485323567742,0.8349485323567742,68.0,0.000243559333133,0.8380661889424786,0.0035193558924826,-0.002146348097951,0.8347049730236412,-0.0028819957776032856,0.8402094447847321,0.0043184203936492875,-0.0027307756473525418
discharge,2008-05-11 21:47:12.843,24.0,355,6092,06092.csv,1.565249873909438,,,3.500074246846,0.2780974884933766,2.025290101499043,4.201033482375415,-1.89687892991989,0.4193757586765284,-1.9939195524210047,-9.090347803085198e-05,32.724576765133094,4.183372291476193,24.011740056772418,41.34840278359994,1.9065694704049845,0.4219916857813278,0.0004,2.0,2.46806230529595,0.5921932115926084,0.0,4.217,3012.265,5.577995627249515,1.5893237737378407,-0.0002851128774003,0.004753174579582,4.164091233459148,0.093409286858108,3.453533218535534,4.214656066398112,0.5545574634930883,0.6111343408460373,-2.256273737870077,1.4975633884026134,25.668484796650056,1.584108857159072,24.070443712647577,29.608387587301,0.558618894368025,0.6140705196305113,-2.2691,1.4995,3.875396833636128,1.5536288861464025,0.002,4.948,10806.844,6.50284975197168,1.5888417530840926,2.027512448998676e-05,-0.0003739447762948,2008-05-11 21:15:14.843,0.0542963108919572,0.0775560564519399,0.5327777777777778,B0007,101,1.565249873909438,1.8806626717011388,0.8322863517536633,0.8322863517536633,67.0,-0.0026621806031109,0.8359284496560179,0.0030001431700933,-0.0018296577626675,0.8349485323567742,0.00024355933313302547,0.8380661889424786,0.003519355892509613,-0.002146348097951152
discharge,2008-05-12 02:36:58.921,24.0,359,6096,06096.csv,1.559633933561147,,,3.5011647157526498,0.2734435466054509,2.0874226328484515,4.201482697501314,-1.8964710309338209,0.4198750606930129,-1.9941986616958336,0.0010516290130581,32.70434030242972,4.172822950886432,23.99347983811607,41.23753665797544,1.906278125,0.4226153416778482,0.0006,2.0,2.46861875,0.5912923227122415,0.0,4.217,3002.641,5.559790708920634,1.5838167436941688,-0.0002832575937281,0.0047582358864105,4.162630452592037,0.0947604950488282,3.449609110599129,4.214792569529256,0.5787017238749383,0.6122876700136023,-2.2561311748891355,1.4973120843578551,25.74432548238452,1.5924905207989253,24.06443202258218,29.610572699408394,0.5827789274106177,0.6152736591727882,-2.2691,1.4995,4.057928223185265,1.335223536008214,0.002,4.935,10367.906000000004,6.5043688274001425,1.58899142086062,2.1943660549958196e-05,-0.000390589912885,2008-05-12 02:05:00.703,0.0541405078463834,0.0784910399188112,0.5328383333333333,B0007,102,1.559633933561147,1.8806626717011388,0.8293002020135766,0.8293002020135766,66.0,-0.0029861497400867,0.8337654055897801,0.0031230019418417,-0.0018992154845313,0.8322863517536633,-0.002662180603110964,0.8359284496560179,0.0030001431701253967,-0.001829657762667568
discharge,2008-05-12 12:56:34.781,24.0,363,6100,06100.csv,1.5649820533392105,,,3.500407285435189,0.2727539732933852,2.0863200514042264,4.196165946742788,-1.8967768141795405,0.4196828008013977,-1.9932029763532657,0.0024946169574364,32.74051962267582,4.141460947088176,24.069019867711653,41.21700308433066,1.9065688473520248,0.4219945000028173,0.0004,2.0,2.4662429906542056,0.5896275371319822,0.0,4.212,3012.0,5.577554960236856,1.589084240246478,-0.0002815607009609,0.004708350822561,4.164844499586838,0.0926662596513596,3.453203709197547,4.214652953232849,0.5524433487848739,0.6095974202731593,-2.25781444074406,1.4975132135180846,25.633915030387637,1.597387965400486,24.0046671590383,29.581957944882603,0.5564474039460021,0.6124851074172354,-2.2691,1.4995,3.889680944963655,1.5357673428893115,0.002,4.948,10806.719,6.484046496780475,1.58374353880296,2.004198410014668e-05,-0.0003816384594611,2008-05-12 12:24:36.453,0.0549773618536978,0.0786387336039181,0.5328688888888888,B0007,103,1.5649820533392105,1.8806626717011388,0.8321439442000612,0.8321439442000612,65.0,0.0028437421864846,0.8326768006695433,0.0022973926967485,-0.0010770387990357,0.8293002020135766,-0.0029861497400867076,0.8337654055897799,0.0031230019418729536,-0.0018992154845313897
discharge,2008-05-12 18:59:59.453,24.0,366,6103,06103.csv,1.57497949984227,,,3.507816455272743,0.2757283357353109,2.0588247910323827,4.205246397279064,-1.9031485600103597,0.4052945132199409,-1.9969727693616797,0.0002870995994081,33.38712825139849,4.106168727289112,24.77328468378479,41.89753189273277,1.9130689440993789,0.4077427947558149,0.0004,2.0,2.4838540372670805,0.5752590076651121,0.0,4.221,3020.11,5.62469817500744,1.599072467997887,-0.0002837074989904,0.0046504866488011,4.162361800436451,0.093681354588985,3.474066303192785,4.214725432157408,0.5981192428393753,0.6133543953616999,-2.26044629702722,1.4950414989699965,26.08635731516018,1.4935093353341522,24.763107013413315,29.869815946124863,0.6027068550643537,0.6164026980214817,-2.2691,1.4995,4.201458310016787,1.1196139452875828,0.002,4.948,10043.172,6.510806320731768,1.5895540982093053,2.287016565119539e-05,-0.0002688839870064,2008-05-12 13:48:19.890,0.0542761639397116,0.0753777591799645,5.1943230555555555,B0007,104,1.57497949984227,1.8806626717011388,0.8374598611124846,0.8374598611124846,64.0,0.0053159169124233,0.8332277782873121,0.0030967061225918,0.0004880249957818,0.8321439442000612,0.0028437421864846435,0.8326768006695433,0.0022973926967912238,-0.0010770387990358037
discharge,2008-05-12 23:53:17.609,24.0,370,6107,06107.csv,1.5652811168780458,,,3.5025243992110107,0.2793983050650545,2.007722684403967,4.201509838937999,-1.9028574663381217,0.406602016926949,-2.0040394709724123,0.0011258644840676,33.270627344923426,4.15734860812137,24.60432088403771,41.90270996402953,1.912525625,0.4089569034059204,0.0004,2.0,2.477915625,0.5774554656039368,0.0,4.217,3002.172000000006,5.5818236403890635,1.5893600099595029,-0.0002876318628813,0.0047373767593623,4.162074459333904,0.0959111765828887,3.441155396926415,4.214702509937045,0.5709027757167792,0.6139134494791267,-2.2579101044409127,1.4975919743234478,26.36503424612251,1.5960674654699518,24.701135648676683,30.28624835971873,0.5751207902413153,0.6168906619588257,-2.2691,1.4995,3.97101378944577,1.448096954827794,0.002,4.948,10569.812,6.539081034372455,1.5985530100800984,2.1666457091253803e-05,-0.0003841953803582,2008-05-12 23:21:19.078,0.0545239781573175,0.0781727897082057,0.5329252777777778,B0007,105,1.5652811168780458,1.8806626717011388,0.8323029644982441,0.8323029644982441,63.0,-0.0051568966142404,0.832698664715606,0.0029518144994583,0.0008192884588069,0.8374598611124846,0.005315916912423391,0.8332277782873121,0.003096706122623376,0.0004880249957817538
discharge,2008-05-13 04:35:25.359,24.0,374,6111,06111.csv,1.559755497470126,,,3.505155823274424,0.2671609601841866,2.190682586389996,4.201909525379603,-1.8963219640753084,0.4207390457585838,-2.0003771874564404,0.0012275375949171,33.115074143665915,4.145666540073196,24.423639542020226,41.48233804274523,1.9059824451410656,0.4232530679941199,0.0004,2.0,2.471968652037618,0.5901844504370489,0.0,4.218,2992.703,5.5472371537483385,1.57851775671353,-0.0002803770293878,0.0047440738049677,4.160213369745536,0.0971268845316549,3.4458722132559876,4.21478424347132,0.6055173410823118,0.6140122018790112,-2.259929684740767,1.497329721199648,26.295278993185978,1.602301925815312,24.52617714556618,30.11536638731283,0.6097359671481167,0.6169639070507102,-2.2691,1.4995,4.222118380062305,1.0825472238160707,0.002,4.948,9917.203,6.498869870002491,1.5880747040002996,2.4122175983115664e-05,-0.0004069243196759,2008-05-13 04:03:26.640,0.054412387703306,0.07816806645061,0.5329775,B0007,106,1.559755497470126,1.8806626717011388,0.8293648408830603,0.8293648408830603,62.0,-0.0029381236151838,0.8321143625414853,0.0033200214446332,2.882980371503585e-05,0.8323029644982441,-0.005156896614240458,0.8326986647156058,0.002951814499491488,0.0008192884588070252
discharge,2008-05-13 09:24:04.718,24.0,378,6115,06115.csv,1.549897685670499,,,3.4983646475135717,0.2800179112567817,2.008435320437976,4.199865517000471,-1.908430732943726,0.3948750790494943,-2.0052937156241972,0.0010402847333103,32.90572814040102,4.18531988772862,24.19968791502018,41.641162265997195,1.9177443037974684,0.3971143867180329,0.0004,2.0,2.4804430379746836,0.5631027908689865,0.0,4.216,2964.468,5.519553305083662,1.5740000521310509,-0.0002922740320039,0.0048308811078733,4.1627693488989195,0.0942228733020619,3.4537456835985108,4.214954620222875,0.57269340675655,0.6122596023838673,-2.258982739820645,1.4975272002120483,26.019053861613617,1.6236300325677422,24.301229457636957,29.940843049405785,0.5768029491341993,0.6152080356085587,-2.2691,1.4995,3.924505952380952,1.5094475290774974,0.002,4.948,10317.406,6.448414890965002,1.5752765436298477,2.164542900707502e-05,-0.0004039908089881,2008-05-13 08:52:05.890,0.0545121920585528,0.0765105461461317,0.5330077777777777,B0007,107,1.549897685670499,1.8806626717011388,0.8241231715778944,0.8241231715778944,61.0,-0.0052416693051658,0.8310789564543489,0.0048649119797955,-0.0024136565473757,0.8293648408830603,-0.002938123615183863,0.8321143625414853,0.003320021444662838,2.8829803714978574e-05
discharge,2008-05-13 14:20:24.937,24.0,382,6119,06119.csv,1.543877153134502,,,3.500140843862167,0.2688781343035709,2.164636064139996,4.2008597336564515,-1.889754408573026,0.4344167924236918,-1.9945472659822976,0.0003412651456227,32.953112654161664,4.228928723876436,24.11639369687997,41.433877603827945,1.8994006289308176,0.4370576697259425,0.0004,2.0,2.457301886792453,0.6063991851556583,0.0,4.217,2983.375,5.503043443273644,1.5679999189918266,-0.0002820316711786,0.0048562458333294,4.165255711471095,0.0922326089340847,3.4509356247774288,4.214615041399025,0.5496004964633576,0.6083016624379072,-2.255223398916022,1.498178178101348,25.806756459289247,1.611866123386983,24.168872543485133,29.783065327576665,0.5535975071410023,0.6112353191545761,-2.2691,1.4995,3.889544533887302,1.5379001171982631,0.002,4.948,10806.109,6.454674929405137,1.5763313215787995,1.9868949182914898e-05,-0.0003875936703722,2008-05-13 13:48:25.875,0.0523519115520944,0.0772564945442686,0.5330727777777777,B0007,108,1.543877153134502,1.8806626717011388,0.8209218890583925,0.8209218890583925,60.0,-0.0032012825195019,0.8288345454260151,0.0065481751112728,-0.0041255737028534,0.8241231715778944,-0.005241669305165897,0.8310789564543489,0.004864911979815884,-0.002413656547375759
discharge,2008-05-13 19:04:20.531,24.0,386,6123,06123.csv,1.5450187488690073,,,3.4990954701393697,0.2760027250501692,2.0647427536919833,4.20162098338246,-1.895916758897512,0.4220196727922293,-1.9938553434941435,-0.0006483552972097,33.2282109237263,4.2233786094138015,24.459092848668902,41.8543569979417,1.9053905362776025,0.4245143963613118,0.0004,2.0,2.463328075709779,0.5935315625223121,0.0,4.217,2975.297,5.5054777795976095,1.569110639350695,-0.0002882642421372,0.0048611754314155,4.162797199607679,0.0945176027520268,3.4578129478367954,4.214879556531111,0.5890634205311576,0.6102728600731393,-2.259596881543815,1.498196674430361,26.09212236076689,1.5507086000623764,24.479804047896952,29.877944013477087,0.593625307950728,0.6131846255621556,-2.2691,1.4995,4.18233790593505,1.1496075058273223,0.002,4.948,10041.921,6.416686289093138,1.566808763847806,2.278555328297014e-05,-0.0003816297172544,2008-05-13 18:32:21.281,0.0555827698471621,0.0772347715207363,0.533125,B0007,109,1.5450187488690073,1.8806626717011388,0.8215289068674249,0.8215289068674249,59.0,0.0006070178090323,0.8256483545770033,0.0049932858063959,-0.0029991067086306,0.8209218890583925,-0.0032012825195019134,0.8288345454260151,0.006548175111288098,-0.004125573702853501
discharge,2008-05-13 23:59:26.015,24.0,390,6127,06127.csv,1.5445940154102908,,,3.5010357611640615,0.2690639185860018,2.170172617792397,4.201149059944848,-1.889387844169526,0.4354171727207348,-1.9945388143156637,0.0027223591581976,33.361342590516294,4.200820925974331,24.609806274773607,41.78271326384125,1.899083911671924,0.4377071739413402,0.0006,2.0,2.4594227129337543,0.6074694092243894,0.0,4.217,2974.9850000000006,5.488386587295718,1.563292403289754,-0.0002833231820608,0.0048385474640376,4.165298218363235,0.0922981417260199,3.454965319144475,4.214640660350812,0.5509421000516213,0.608016406656441,-2.259158636180731,1.4969915436028307,26.277216685610473,1.5739542501573884,24.68197459949037,30.19701485838157,0.5550902407116693,0.610997929218811,-2.2691,1.4995,3.915549712192569,1.5098598681909856,0.002,4.948,10719.281,6.423144523876129,1.5685714683758138,2.0084749973390156e-05,-0.0003749078335781,2008-05-13 23:27:26.625,0.0547408930047106,0.0790184155558609,0.5331638888888889,B0007,110,1.5445940154102908,1.8806626717011388,0.821303064420979,0.821303064420979,58.0,-0.0002258424464458,0.8234483745615503,0.0035401188388105,-0.0018717817634632,0.8215289068674249,0.0006070178090323841,0.8256483545770033,0.004993285806416212,-0.0029991067086307796
discharge,2008-05-14 04:55:57.453,24.0,394,6131,06131.csv,1.5343086721758876,,,3.497212315865497,0.2725395525815381,2.120750718982474,4.200810741834928,-1.8889185963670392,0.4358379461976045,-2.0003871362753527,0.0017320639758289,33.12431679486816,4.219242537204774,24.334930769941984,41.62744766181303,1.8987645569620248,0.4383623271712928,0.0006,2.0,2.45646835443038,0.6091391484407441,0.0,4.217,2966.25,5.4648853812431595,1.5583373324505825,-0.0002865999860767,0.0048730209810808,4.165982566818228,0.0916034173327968,3.4590321960495136,4.214580333704422,0.5447626668883797,0.6067190651621897,-2.2569537095235206,1.4987485361597486,26.15850923293319,1.6336335733141911,24.46187348192432,30.16491960110753,0.5488238961038961,0.6096334230282426,-2.2691,1.4995,3.8824890909090906,1.5438272205023815,0.002,4.948,10804.719,6.400638023945776,1.5628295534731105,1.9633351609398552e-05,-0.0003974732810262,2008-05-14 04:23:57.968,0.0552372334380582,0.0799393133533925,0.5331902777777777,B0007,111,1.5343086721758876,1.8806626717011388,0.8158340649086424,0.8158340649086424,57.0,-0.0054689995123365,0.8207422193666666,0.0030202037859394,-0.0016197037975917,0.821303064420979,-0.00022584244644585638,0.8234483745615503,0.0035401188388394142,-0.0018717817634632584
discharge,2008-05-14 09:52:22.062,24.0,398,6135,06135.csv,1.5287603942958483,,,3.496089957852059,0.271483182584801,2.13627215665258,4.200373974181371,-1.8885071150010757,0.4362675159871197,-1.996471333028226,0.0004949274212671,32.991553593266204,4.259597344555285,24.140776797393674,41.552128441464966,1.8984425396825395,0.4390231633979,0.0004,2.0,2.4524095238095236,0.6089012852239616,0.0,4.217,2956.359,5.443512988157579,1.552878953757077,-0.000286811809923,0.0049379678488181,4.166560676451064,0.0906778344444163,3.460213197821777,4.214688734910135,0.5426963486339283,0.6053996054467612,-2.257525864287733,1.503636257133217,25.828357624929552,1.6212468315341233,24.194499586748268,29.80917785848533,0.5467847972972973,0.6082943407168866,-2.2691,1.4995,3.871905405405405,1.55524540980223,0.002,4.948,10805.687,6.379172307409956,1.5570359729721546,1.93171578605692e-05,-0.0003928446139075,2008-05-14 09:20:22.000,0.0572653476857599,0.0794231222611038,0.5333505555555555,B0007,112,1.5287603942958483,1.8806626717011388,0.8128838931614567,0.8128838931614567,56.0,-0.0029501717471857,0.8184943636833791,0.0039225215315801,-0.0021770833752653,0.8158340649086424,-0.005468999512336592,0.8207422193666666,0.0030202037859736537,-0.0016197037975916914
discharge,2008-05-14 14:35:22.515,24.0,402,6139,06139.csv,1.5289260249179843,,,3.495877119417779,0.2745316604198063,2.0938572364769055,4.201791474587699,-1.88881808207332,0.4365325722003185,-1.9936433250812409,0.0010239776284218,33.2318318845246,4.262261181975609,24.391660570898495,41.839167194182565,1.8984419047619048,0.4390259082164295,0.0004,2.0,2.4517460317460316,0.6098590357095923,0.0,4.217,2956.344,5.444307341097111,1.553069948397462,-0.0002891243505366,0.0049403886948422,4.163872052915668,0.0932471221461729,3.461840732568602,4.214625841394862,0.5856467502792922,0.6075715280774528,-2.2570099014195613,1.4969479091528413,26.095617992004804,1.5776933521937,24.437853281074144,29.89283012850155,0.5900473432667979,0.6105180421849933,-2.2691,1.4995,4.217564520663481,1.0829549165422376,0.002,4.948,10011.406,6.361421960562042,1.5525103948672536,2.2441256469730413e-05,-0.0003965660680267,2008-05-14 14:03:22.750,0.0510706479505143,0.0787648472687548,0.5332680555555556,B0007,113,1.5289260249179843,1.8806626717011388,0.8129719635127368,0.8129719635127368,55.0,8.807035128011176e-05,0.8169043785742479,0.0042868537887624,-0.0025533057968898,0.8128838931614567,-0.0029501717471857036,0.818494363683379,0.003922521531606699,-0.0021770833752654743
discharge,2008-05-14 19:31:39.390,24.0,406,6143,06143.csv,1.529091650133123,,,3.493116071455022,0.2817618222544089,1.9959465760122976,4.20067023466464,-1.8887930414931369,0.4365818139018805,-1.9952567240378405,0.0018837863099458,33.5098123920945,4.274457633860022,24.672067025619615,42.23998716092915,1.8984431746031745,0.4390204185612913,0.0006,2.0,2.450768253968254,0.6123640635224905,0.0,4.217,2956.406,5.441182379748626,1.5531501891813029,-0.0002938740394549,0.0049531665222754,4.166950763269816,0.090400208872204,3.4606976274936625,4.214612424103626,0.5402864951047418,0.6044707655810607,-2.2579368697950892,1.49653615950944,26.2476737776028,1.5588497370563257,24.72599372045621,30.164464056505928,0.5446012210963888,0.6074139180424765,-2.2691,1.4995,3.8834806443232,1.5410481916275949,0.002,4.948,10806.625,6.358015762665259,1.5517413335924064,1.9234638460340975e-05,-0.0003692005622276,2008-05-14 18:59:38.890,0.0550885787313233,0.0780670117184084,0.5334722222222222,B0007,114,1.529091650133123,1.8806626717011388,0.813060030988968,0.813060030988968,54.0,8.806747623113509e-05,0.8152106033985567,0.0036248046953598,-0.0019348168259927,0.8129719635127368,8.807035128011176e-05,0.8169043785742479,0.004286853788786971,-0.0025533057968898567
discharge,2008-05-15 00:27:55.625,24.0,410,6147,06147.csv,1.5239059324661248,,,3.492655946458748,0.2790430308549019,2.0305769860653866,4.20021831736756,-1.888168080257056,0.4371486128735513,-2.001090966399853,-0.0001323108239163,33.382402850667845,4.268524433351918,24.56852628281145,42.04090238497712,1.8981191082802544,0.4396842189997514,0.0004,2.0,2.450671974522293,0.6121109897207088,0.0,4.216,2947.266,5.421918988770977,1.547955372566583,-0.000293137067826,0.0049622499746201,4.1667553061663325,0.0904741525798076,3.458030514001882,4.214667908011257,0.5408526939341504,0.6046673099401003,-2.256062462105012,1.4973975874863148,26.33793086974434,1.622826711385306,24.654476174864875,30.30672706771009,0.5449255523784767,0.6076492044116371,-2.2691,1.4995,3.874364439823239,1.5514153893068603,0.002,4.948,10805.563,6.359464052717702,1.552160873847725,1.924430204131305e-05,-0.0003970202062832,2008-05-14 23:55:55.406,0.0557785741854704,0.0782426980033324,0.5333941666666667,B0007,115,1.5239059324661248,1.8806626717011388,0.8103026424657472,0.8103026424657472,53.0,-0.0027573885232207,0.8130105190075103,0.0019573565648351,-0.0010886707058279,0.813060030988968,8.806747623113509e-05,0.8152106033985567,0.003624804695388947,-0.0019348168259927473
discharge,2008-05-15 05:24:04.890,24.0,414,6151,06151.csv,1.5186675419100617,,,3.49208824531703,0.2761335994927761,2.0758803797636745,4.200674971032527,-1.887904907597145,0.4379482947898885,-1.9951199234830208,0.0011947086906479,33.17829959346276,4.274613938139993,24.34305560390618,41.803429062834496,1.897793610223642,0.4403482568461167,0.0004,2.0,2.449402555910543,0.6116671694047774,0.0,4.217,2937.984,5.402074304203918,1.5427397741089666,-0.0002922744942221,0.0049862549666783,4.167406043259077,0.0899303157147925,3.459949861559192,4.214569582582126,0.5393305737547829,0.603277464300091,-2.259058585442117,1.5071688067024442,26.124984681348387,1.638562253710422,24.427116681855225,30.10906979934324,0.5433233489339575,0.6062628626581003,-2.2691,1.4995,3.9039466978679145,1.5173242471712625,0.002,4.948,10807.219,6.345011134317024,1.5482378687796434,1.9094352341601913e-05,-0.0004022435906884,2008-05-15 04:52:04.609,0.0584547930925319,0.0780883773855803,0.5334113888888888,B0007,116,1.5186675419100617,1.8806626717011388,0.8075172463206082,0.8075172463206082,52.0,-0.002785396145139,0.8113471552899034,0.0024338610251619,-0.0013402614728686,0.8103026424657472,-0.0027573885232207163,0.8130105190075103,0.0019573565648895383,-0.0010886707058279863
discharge,2008-05-15 10:20:03.875,24.0,418,6155,06155.csv,1.5136482266426952,,,3.490216477408044,0.2758276886812699,2.0793549048242492,4.200371214024706,-1.88773036624322,0.4384469835295734,-1.995116853206629,0.0010653130649685,33.01591345323486,4.313576443869671,24.0993140682898,41.6886924602386,1.8974666666666664,0.4410125420237186,0.0006,2.0,2.445839743589744,0.6118235772692144,0.0,4.217,2929.125,5.38163506298379,1.537826810352851,-0.0002929920095294,0.0050494278715873,4.167984383816882,0.089154316048923,3.46228066697465,4.214620581299379,0.5374065640988215,0.6021882379062733,-2.2579079030077556,1.4969271646430231,25.852136896684545,1.665141371374673,24.155907536283483,29.88284075789973,0.5412987509758002,0.6050507196529811,-2.2697,1.4995,3.8968030184751496,1.5236821467692303,0.002,4.948,10805.547,6.322222313350735,1.5422210583959262,1.884003683443452e-05,-0.0004124892197905,2008-05-15 09:48:03.453,0.0548728983507364,0.0811431379239443,0.5334505555555555,B0007,117,1.5136482266426952,1.8806626717011388,0.8048483385239611,0.8048483385239611,51.0,-0.002668907796647,0.8097400443624043,0.0035585722686278,-0.0021790034645911,0.8075172463206082,-0.002785396145139063,0.8113471552899034,0.002433861025206037,-0.0013402614728687302
discharge,2008-05-15 15:10:59.437,24.0,422,6159,06159.csv,1.5136050185229033,,,3.490593195862046,0.277468540309286,2.0585109366080414,4.200965645223048,-1.887807716329411,0.438505597682676,-1.9949523118907793,0.0004787085189064,33.271000362987586,4.3242665867829135,24.36377918362768,41.98817160118213,1.8974660256410256,0.4410152993155207,0.0004,2.0,2.4427371794871795,0.6112588588019314,0.0,4.217,2928.454,5.382167848540123,1.5376799163150534,-0.0002942697202854,0.0050621464036592,4.1674360130407715,0.0897586232022201,3.4636127352061976,4.214627867929713,0.5513854072140381,0.602623485228381,-2.257241324478822,1.506254666053504,25.97324099771749,1.5921844444013105,24.38766265317192,29.8612751603721,0.5556153413654618,0.6055711232991097,-2.2691,1.4995,4.030479785809906,1.364110917204843,0.002,4.948,10510.453,6.304229801068963,1.537539569511383,1.9819190155600004e-05,-0.0003916004423988,2008-05-15 14:38:58.781,0.0568991758337347,0.0788722076648629,0.5335155555555555,B0007,118,1.5136050185229033,1.8806626717011388,0.8048253635798406,0.8048253635798406,50.0,-2.297494412051293e-05,0.808110724375825,0.0035738324691798,-0.002192363876004,0.8048483385239611,-0.0026689077966470798,0.8097400443624043,0.0035585722686581863,-0.00217900346459121
discharge,2008-05-15 19:56:47.390,24.0,426,6163,06163.csv,1.5139470614867965,,,3.4911419366203664,0.2798972380490622,2.0253107306977376,4.201492773602507,-1.887674933393443,0.4384231819570503,-1.994323430810411,0.0014011551714919,33.61966967517867,4.305718262524468,24.74466282559706,42.33252236723314,1.8974660256410256,0.4410152993155207,0.0004,2.0,2.446830128205129,0.6137742475151626,0.0,4.217,2929.375,5.384801675737266,1.5380472634247562,-0.0002960040845204,0.0050383206315457,4.166129848167657,0.0912185217889315,3.4625380421291427,4.214638929315727,0.5682752595293801,0.6040190679509154,-2.2595809027237586,1.4962637193312824,26.37673825663932,1.5659683730174834,24.77768675541089,30.190535444314815,0.5725625069022641,0.6070237109145652,-2.2691,1.4995,4.161532302595251,1.171553042856129,0.002,4.948,10202.781,6.300596849409311,1.5368489121601576,2.1135039299821535e-05,-0.0003905486881939,2008-05-15 19:24:46.593,0.0557428509591016,0.0800568561357903,0.5335547222222222,B0007,119,1.5139470614867965,1.8806626717011388,0.8050072372188721,0.8050072372188721,49.0,0.0001818736390315,0.8065001656218058,0.002411203701099,-0.0013282693234517,0.8048253635798406,-2.297494412051293e-05,0.808110724375825,0.0035738324692102855,-0.00219236387600411
discharge,2008-05-16 16:54:59.812,24.0,430,6167,06167.csv,1.5339599193158786,,,3.49283645226053,0.280648377364394,2.0069579017420067,4.192768207316796,-1.901022727285377,0.4101892452322283,-1.9935581248677672,0.0001912373509952,33.29697162630193,4.0496455069214905,24.95875411585554,41.63553796804361,1.9108541401273884,0.4126651445511788,0.0004,2.0,2.4654968152866243,0.580427227060744,0.0,4.209,2946.031,5.456855397343847,1.5580488439366298,-0.0002944822702214,0.0047091063769553,4.165590685660384,0.091726453364893,3.461673906528261,4.2146547086355275,0.5718096460403833,0.6046311618377852,-2.257798765752091,1.4982187257024808,26.649421931226808,1.6228829362726502,24.890659137607734,30.51470759808182,0.5757691837867851,0.6077426253225339,-2.2691,1.4995,4.153440866185452,1.1867340910502115,0.002,4.948,10140.858999999997,6.300110335712662,1.5369337918973969,2.144101055264979e-05,-0.0004161992768577,2008-05-16 00:09:33.937,0.0544643480227725,0.0779198353747232,16.7571875,B0007,120,1.5339599193158786,1.8806626717011388,0.8156486234335406,0.8156486234335406,48.0,0.0106413862146684,0.8075693618153645,0.0046576593057984,0.0016421652920775,0.8050072372188721,0.00018187363903154896,0.8065001656218058,0.0024112037011444626,-0.0013282693234518159
discharge,2008-05-16 21:37:39.671,24.0,432,6169,06169.csv,1.5391372798653098,,,3.5025157522808223,0.2689584358507598,2.19792648712031,4.204602036514753,-1.8951144121477896,0.4233283885716984,-2.002748484975491,0.0030058963802608,33.393130865360554,4.027667151212495,24.95211336056763,41.470498076928735,1.904790476190476,0.4257899346869599,0.0006,2.0,2.4678031746031746,0.5933150821078026,0.0,4.221,2955.438,5.471447192534328,1.5578950737028456,-0.0002866128201603,0.0046681549401935,4.165235787565802,0.0914950070970118,3.464235866571072,4.214695718376011,0.5705163411451948,0.6082217175948129,-2.2577325249929077,1.498716284448114,26.383044651599388,1.4929076796826812,24.926108185222,30.118986881967757,0.5746382001087549,0.6112658659496476,-2.2691,1.4995,4.09368569874932,1.2829617348632696,0.002,4.948,10340.672,6.409383176344137,1.5640622102356598,2.106347124796126e-05,-0.0003215574635806,2008-05-16 00:09:33.937,0.0544643480227725,0.0779198353747232,21.46825944444444,B0007,121,1.5391372798653098,1.8806626717011388,0.8184015682478002,0.8184015682478002,47.0,0.0027529448142595,0.8097462262008029,0.0067159408916907,0.0037929719301378,0.8156486234335406,0.01064138621466848,0.8075693618153645,0.004657659305821847,0.001642165292077581
discharge,2008-05-17 02:32:13.968,24.0,436,6173,06173.csv,1.5236247972838737,,,3.492953565598811,0.2795996279931968,2.029941519657255,4.200995491738166,-1.8941478117057609,0.4245154192335867,-1.9944619397860412,0.0013222402114302,33.13820710362847,4.122985103685158,24.59206034022774,41.54038193238441,1.9041814696485624,0.4270827279645428,0.0004,2.0,2.4597571884984024,0.5975945539801447,0.0,4.217,2937.625,5.421260505402817,1.5477669619589285,-0.0002952457715189,0.0048090946360729,4.165908079107956,0.0916700662262883,3.4522230178897524,4.214668177679377,0.5479456472951081,0.6064170045354331,-2.2569767043713065,1.5033334322123462,26.395185471876317,1.6120047577897088,24.70081527168358,30.279995940987064,0.5517292311729206,0.6093400812963736,-2.2691,1.4995,3.922540278142219,1.4972047909110064,0.002,4.948,10700.062999999996,6.374228922936072,1.5562051520604725,1.9880171727003856e-05,-0.0003977985285548,2008-05-17 02:00:12.656,0.0560425836713211,0.0799132720597221,0.5336977777777777,B0007,122,1.5236247972838737,1.8806626717011388,0.8101531551672106,0.8101531551672106,46.0,-0.0082484130805895,0.8108071895294529,0.006143360639906,0.0024049914203668,0.8184015682478002,0.0027529448142595836,0.8097462262008029,0.0067159408917069055,0.003792971930137804
discharge,2008-05-17 07:25:19.906,24.0,440,6177,06177.csv,1.5135813035589147,,,3.4917462636517236,0.2735087098161375,2.117150391576778,4.201036137691208,-1.8875042014728929,0.4382617517151344,-1.993640903324712,0.0019620386177833,32.84069778843796,4.157487508293686,24.21295183077047,41.13947017697289,1.8974653846153848,0.4410180565891521,0.0004,2.0,2.4496891025641028,0.6115970708405437,0.0,4.217,2929.078,5.383917083795636,1.5377046718625509,-0.0002915614017636,0.0048661438409796,4.166720223625047,0.0906094987601597,3.453635008201832,4.214593660188518,0.5484980695147645,0.6044857640356366,-2.255662068284336,1.498904792864969,25.994181141235583,1.6243099383583062,24.30957848881103,29.884417292240713,0.5521908778424115,0.6074390188375854,-2.2691,1.4995,3.961002379693283,1.4514260101627248,0.002,4.948,10628.938,6.341510323231785,1.5474107703473632,1.9732826957534145e-05,-0.0004070325374194,2008-05-17 06:53:18.328,0.0571969796717012,0.0818531945758062,0.5337716666666666,B0007,123,1.5135813035589147,1.8806626717011388,0.8048127536820926,0.8048127536820926,45.0,-0.005340401485118,0.8108046675499032,0.0061464320431154,-0.0005884435339889,0.8101531551672106,-0.008248413080589545,0.8108071895294529,0.006143360639923656,0.0024049914203667627
discharge,2008-05-17 12:21:15.890,24.0,444,6181,06181.csv,1.5077850749847914,,,3.490432264232957,0.2729068935891816,2.1309899052747716,4.200762329918291,-1.8871434043422717,0.4390627573549805,-1.994011319738722,0.0007664599576748,32.75739655594484,4.183156275222846,24.083470327760516,41.09041922644824,1.897136977491961,0.4416826075397164,0.0006,2.0,2.447186495176849,0.6118466413133524,0.0,4.217,2918.375,5.3610987462604935,1.5318259006586357,-0.0002923129015713,0.0049145286063966,4.168345111839039,0.08885641326044,3.4582094661693827,4.214655341587215,0.535915350798397,0.6013355442732797,-2.2568773718044937,1.4973632998046749,25.74488779237481,1.5945788068563564,24.1369855410439,29.63090988603296,0.5396730158730159,0.604291618423368,-2.2691,1.4995,3.916415820973198,1.5002014838675184,0.002,4.948,10807.109,6.306709913924635,1.538242048694726,1.8772163443326137e-05,-0.0003898782931566,2008-05-17 11:49:14.296,0.0553395402900145,0.0808666905560647,0.5337761111111111,B0007,124,1.5077850749847914,1.8806626717011388,0.80173073974023,0.80173073974023,44.0,-0.0030820139418625,0.8101493680541749,0.0070301740332127,-0.0041424581952328,0.8048127536820926,-0.0053404014851180515,0.8108046675499032,0.006146432043133055,-0.0005884435339889486
discharge,2008-05-17 17:15:37.281,24.0,448,6185,06185.csv,1.5031960676037333,,,3.488861416967918,0.2728699120961805,2.1294318317485654,4.201013677167557,-1.8807630082774924,0.451902047050887,-1.9944414808648832,0.00122567742659,32.77234087259374,4.202981030070509,24.06336388722212,41.10034021580957,1.890707395498392,0.4545063761468791,0.0004,2.0,2.4380707395498393,0.6269628789550112,0.0,4.217,2919.812,5.343310353999166,1.527246644857173,-0.0002914945624206,0.0049363732513345,4.168592130149556,0.0885331023528343,3.461064524519648,4.214784966178019,0.5379933087567587,0.6006974478466459,-2.2582502812523337,1.502365217214161,25.71873647224021,1.588500622555406,24.12303168819397,29.598129752060995,0.5417258724744163,0.6036283022490216,-2.2691,1.4995,3.9516801364471266,1.460203628920628,0.002,4.948,10722.515,6.282496610545275,1.5319835314318733,1.886809458528624e-05,-0.0003898807323055,2008-05-17 16:43:35.437,0.057050602535577,0.081538403561654,0.5338455555555556,B0007,125,1.5031960676037333,1.8806626717011388,0.799290638466296,0.799290638466296,43.0,-0.002440101273934,0.8068777710607259,0.0076132590236784,-0.0046644274989989,0.80173073974023,-0.0030820139418625825,0.8101493680541749,0.0070301740332281175,-0.004142458195232956
discharge,2008-05-17 22:10:51.218,24.0,452,6189,06189.csv,1.497822059699588,,,3.4891932104785104,0.271143437261768,2.164511453629433,4.200439147859412,-1.886419275237733,0.4403385134265123,-1.992734445097276,0.0028159136812845,32.720417557744895,4.201910479264187,24.014672446811392,41.03075447325996,1.896470550161812,0.4430346817825404,0.0004,2.0,2.4449093851132684,0.6124183149091733,0.0,4.217,2900.422,5.324161013608342,1.5219102875481252,-0.0002930526729187,0.004968913400328,4.169233311039406,0.0878068691140655,3.462490319221327,4.214636124334508,0.5329945667470827,0.5992526126958445,-2.261216960162669,1.502532884267093,25.673994611790967,1.5988832586602642,24.07109682335225,29.56428410850564,0.5367131524008351,0.6022279192391764,-2.2691,1.4995,3.9290788100208767,1.484670107579502,0.002,4.948,10772.969,6.264230301169947,1.5272564306549814,1.8511008008347653e-05,-0.0003929061126813,2008-05-17 21:38:49.296,0.0577616170406075,0.0820660023586674,0.5338672222222223,B0007,126,1.497822059699588,1.8806626717011388,0.7964331308520868,0.7964331308520868,42.0,-0.0028575076142092,0.8024840835815832,0.0052824476098603,-0.0032962163846044,0.799290638466296,-0.0024401012739340144,0.8068777710607259,0.00761325902369268,-0.004664427498998961
discharge,2008-05-18 03:05:19.265,24.0,456,6193,06193.csv,1.492848534633516,,,3.4878785713375917,0.2703696312843611,2.1743012710834013,4.200264786461796,-1.8800039366336023,0.4532820883943287,-1.994256304880574,0.0022981628295229,32.710022803073514,4.212517381521927,23.987947203431663,40.99688397371006,1.8899993527508088,0.4558922462531643,0.0004,2.0,2.4362588996763757,0.6275154616850532,0.0,4.216,2901.375,5.305115004388002,1.5169244670285524,-0.0002917064301719,0.0049811233759833,4.169409262891975,0.0874587036195677,3.46317040283679,4.21459392347149,0.5327984749938566,0.5989162924334923,-2.2525444182563477,1.496955358269631,25.67641504199,1.60429527081306,24.061364272823035,29.569686993063936,0.5364706544502618,0.6018385104840549,-2.2691,1.4995,3.9117628272251306,1.503327419820323,0.002,4.948,10745.718999999996,6.242983877289834,1.5218526204088776,1.8428913734359037e-05,-0.0003953194162564,2008-05-18 02:33:17.109,0.0575854885358439,0.0829334777035948,0.5339322222222223,B0007,127,1.492848534633516,1.8806626717011388,0.7937885709632189,0.7937885709632189,41.0,-0.0026445598888679,0.7992111667407849,0.0043259209562936,-0.002734597432589,0.7964331308520868,-0.0028575076142092204,0.8024840835815832,0.0052824476098810086,-0.0032962163846044622
discharge,2008-05-18 08:00:50.421,24.0,460,6197,06197.csv,1.492414389867026,,,3.486430546073901,0.2689857507962565,2.1928976284966537,4.200151660684939,-1.873336653737241,0.465528036840312,-1.993300105892976,0.0016961980319279,32.62076759783716,4.2318435663728,23.86413247301575,40.88481342461614,1.8835300970873787,0.4682997817627292,0.0006,2.0,2.426873786407767,0.6418752766710374,0.0,4.216,2901.187,5.282982492286843,1.5112029165659036,-0.0002899044412498,0.005005267517152,4.169972718454648,0.0867046951523046,3.464456527696152,4.214655620893534,0.5280307381775012,0.5975432265867234,-2.255900708634216,1.4979876187903611,25.56512774573633,1.614997462158517,23.944099242881737,29.477071860791316,0.5316318146316065,0.6004686883720449,-2.2691,1.4995,3.890901588128091,1.5251691253502728,0.002,4.948,10807.094,6.22556974537688,1.51731484019935,1.804087014898636e-05,-0.000398611021341,2008-05-18 07:28:48.000,0.0567066634864918,0.0826880652178822,0.5340058333333334,B0007,128,1.492414389867026,1.8806626717011388,0.7935577242659227,0.7935577242659227,40.0,-0.0002308466972961,0.796960160857551,0.0035391689209531,-0.0021848098451691,0.7937885709632189,-0.0026445598888679145,0.7992111667407849,0.004325920956318997,-0.002734597432589064
discharge,2008-05-18 12:44:48.437,24.0,464,6201,06201.csv,1.487482776538081,,,3.481257277522668,0.2805884049743061,2.0298495899147295,4.200453152662228,-1.879702248133121,0.4537710583671583,-1.994355063355133,0.0003609582922841,32.576518262552014,4.2680046087936,23.796556329674623,41.09400879501426,1.8896428571428572,0.4565858855577316,0.0004,2.0,2.4304415584415584,0.6311304688117239,0.0,4.217,2891.64,5.2768323677167315,1.5116035043189853,-0.0002999403672025,0.0050623850497688,4.168125294398354,0.0885549196867701,3.466691378043697,4.214617519145497,0.563667002687293,0.5996902967982668,-2.2589460744649728,1.4975441155013474,25.559920462706533,1.6170464207428392,23.854268280916607,29.374914905673503,0.5673488981868898,0.6027253664741464,-2.2691,1.4995,4.164616457461645,1.1616478854022063,0.002,4.948,10113.641,6.2026461689523,1.511366776665031,2.045167644907847e-05,-0.0004209533991202,2008-05-18 12:12:46.000,0.0587157190858806,0.0829417400304377,0.5340102777777778,B0007,129,1.487482776538081,1.8806626717011388,0.7909354499989039,0.7909354499989039,39.0,-0.0026222742670188,0.7948011029092857,0.0031754499105932,-0.0019585783520948,0.7935577242659227,-0.0002308466972961165,0.796960160857551,0.0035391689209842135,-0.0021848098451691888
discharge,2008-05-18 17:36:29.734,24.0,468,6205,06205.csv,1.482535148640411,,,3.4823550791204023,0.2757345575864043,2.0959492247836815,4.200291122451955,-1.8790751470067304,0.4545290044639149,-1.9927610429233324,0.0001961097375452,32.58396494906228,4.266172820747234,23.788802856443375,41.01377835587309,1.8892820846905536,0.4572907730451889,0.0004,2.0,2.430182410423453,0.6301819699583918,0.0,4.216,2882.906,5.2607533219079485,1.506611859399193,-0.0002975355280808,0.0050767947105711,4.170055075501605,0.0866429229844177,3.4632500212285176,4.214819217519119,0.5369712503220357,0.596951408144854,-2.258542844329382,1.4968503424573727,25.488875323515025,1.6103283295653292,23.857260077641424,29.358312360503614,0.5406045986177566,0.5998934324532068,-2.2691,1.4995,3.995887825624667,1.4007939412274324,0.002,4.948,10585.812,6.20716735285801,1.5122919946326507,1.856060154099687e-05,-0.0004039838488114,2008-05-18 17:04:27.234,0.0571097513991468,0.0823903452866173,0.5340277777777778,B0007,130,1.482535148640411,1.8806626717011388,0.7883046603458107,0.7883046603458107,38.0,-0.0026307896530931,0.7926039072851887,0.003092063305822,-0.0019110061976867,0.7909354499989039,-0.002622274267018887,0.7948011029092857,0.003175449910627953,-0.001958578352094833
discharge,2008-05-18 22:31:45.515,24.0,472,6209,06209.csv,1.4827874322228984,,,3.4835074286280525,0.2702230568822358,2.177723491219515,4.199877643371451,-1.8728728303565043,0.4670890953125287,-1.9944391195904976,0.0015180809940599,32.623742674615976,4.259765769333201,23.82871891762843,40.90635248178393,1.882771335504886,0.4697280404789807,0.0006,2.0,2.4234201954397396,0.6436013160759423,0.0,4.216,2883.265,5.244601040940465,1.501519749852522,-0.000292770238807,0.0050714057188069,4.170980328996168,0.0855292104695167,3.465482224999649,4.214598142669415,0.5244500117849293,0.5950411196817442,-2.258716490308573,1.496424334348125,25.487686966812053,1.6085924273822203,23.892832669198956,29.383571730227786,0.5281326817826427,0.5979560273892119,-2.2691,1.4995,3.9112838154808447,1.499328906425884,0.002,4.948,10806.562,6.187393653509597,1.5073075529557292,1.7688590018069454e-05,-0.0003971610542914,2008-05-18 21:59:40.796,0.057017768907922,0.0816566640960627,0.5346441666666667,B0007,131,1.4827874322228984,1.8806626717011388,0.7884388064562661,0.7884388064562661,37.0,0.0001341461104553,0.7910050424060244,0.0026526726724905,-0.0015952592934017,0.7883046603458107,-0.0026307896530931574,0.7926039072851886,0.003092063305857718,-0.0019110061976867856
discharge,2008-05-19 03:27:07.765,24.0,476,6213,06213.csv,1.476971179775059,,,3.478976541530706,0.2785599820113761,2.056251340337525,4.200436806124781,-1.8726786421400128,0.4668330320827534,-1.994379463643991,0.0005279711713773,32.58599202496769,4.30066202858035,23.743478109305848,41.06596192416311,1.882770684039088,0.4697306509933049,0.0004,2.0,2.4195342019543973,0.6456330085499418,0.0,4.216,2882.969,5.236702371876375,1.5010235281640598,-0.0002987551155386,0.0051195703303954,4.171423760789058,0.0851548647143332,3.468149058038774,4.2146348248502346,0.5228745271775046,0.5941181430120732,-2.2564909012037067,1.4967776729212956,25.448935623731767,1.6289486288204342,23.80878132698172,29.380641256719517,0.5265150234741784,0.5970034684613567,-2.2691,1.4995,3.927075899843505,1.479686347415383,0.002,4.948,10805.281000000004,6.169033981583698,1.5025908032417246,1.7594253591363598e-05,-0.0004048495403144,2008-05-19 02:55:02.843,0.0577146867420723,0.0839742832388461,0.5347005555555555,B0007,132,1.476971179775059,1.8806626717011388,0.7853461452707392,0.7853461452707392,36.0,-0.0030926611855268,0.7893165572675285,0.0030889668367398,-0.0018919801533004,0.7884388064562661,0.00013414611045536873,0.7910050424060244,0.00265267267253218,-0.0015952592934017802
discharge,2008-05-19 15:34:33.625,24.0,480,6217,06217.csv,1.4819015554137276,,,3.483501191305966,0.2710187642003124,2.1512510632923165,4.193077426787744,-1.872734820116884,0.4662180398477774,-1.992644974954703,0.0024042447038229,32.864544723781215,4.080941387761504,24.457169523678328,40.84520330629611,1.8831512987012984,0.4690148961632121,0.0004,2.0,2.4220162337662337,0.6423547713949569,0.0,4.209,2891.656,5.2615001542053506,1.506007736669055,-0.0002923166302968,0.0048425026555865,4.17131087334509,0.0850811026660548,3.466273152441549,4.214579375370762,0.5258455798836628,0.5940987721841955,-2.257969068065784,1.4973391635944364,25.401218153058803,1.62601680291483,23.758735258070157,29.30707116934896,0.5294017069327731,0.597052102076737,-2.2691,1.4995,3.9293466386554625,1.4790655923167355,0.002,4.948,10733.391,6.162063483066971,1.500714060392008,1.7698500472225994e-05,-0.0004070242762808,2008-05-19 07:49:12.843,0.0568683507839505,0.083735413702951,7.755772777777778,B0007,133,1.4819015554137276,1.8806626717011388,0.7879677614238417,0.7879677614238417,35.0,0.0026216161531025,0.7881985646991123,0.0019842555454386,-0.0008893892225195,0.7853461452707392,-0.003092661185526868,0.7893165572675285,0.0030889668367756304,-0.0018919801533004595
discharge,2008-05-19 20:59:48.437,24.0,482,6219,06219.csv,1.4981366198874824,,,3.4899701994096612,0.2716515037379008,2.169369907364203,4.203372086437543,-1.8800362373714223,0.453311253523682,-1.9933389783603288,0.000828308861303,33.079651096902374,4.10422717641776,24.575871874910508,41.12807910254104,1.89,0.4558895636439621,0.0004,2.0,2.439391585760518,0.6285869281748092,0.0,4.219,2901.25,5.309128082147545,1.5168693575881576,-0.0002935515152706,0.0048521813288527,4.1721850943029075,0.083252021544783,3.480355203803637,4.214632397666789,0.5265611001877474,0.5947314342741102,-2.2578025360471528,1.496169896102188,25.892291164391303,1.4826047901175443,24.55701320593272,29.669057228550887,0.5300108213820078,0.5976656954784484,-2.2691,1.4995,3.9759747066492825,1.4219929445788244,0.002,4.948,10805.547,6.2102853499582285,1.511769203774849,1.732859611770115e-05,-0.0002935419202481,2008-05-19 07:49:12.843,0.0568683507839505,0.083735413702951,13.176553888888888,B0007,134,1.4981366198874824,1.8806626717011388,0.7966003911442314,0.7966003911442314,34.0,0.0086326297203896,0.7893315529281779,0.004255317705886,0.0016120416564417,0.7879677614238417,0.002621616153102524,0.7881985646991123,0.001984255545494306,-0.0008893892225196891
discharge,2008-05-20 01:16:42.609,24.0,484,6221,06221.csv,1.4820775214392872,,,3.484801138956006,0.2744248030587602,2.116759239247948,4.202065190134895,-1.8730214281226416,0.4663879788040059,-1.9933817364068824,0.0030675311032014,32.932141650182686,4.167224495126409,24.32851203519328,41.094988453128494,1.8831512987012984,0.4690148961632121,0.0004,2.0,2.425987012987014,0.6445202583842506,0.0,4.218,2891.703,5.264024064665989,1.506127965354888,-0.000295381985785,0.0049446301640618,4.168170344859338,0.090381810637657,3.433264946104916,4.214691285585271,0.5310122697991213,0.5994336819018833,-2.255855489249506,1.4969367539563512,26.19516666298084,1.7529357392794058,24.355323783201875,30.05088773324804,0.5344813023012552,0.6023901207408626,-2.2691,1.4995,3.897048117154811,1.5175099786629556,0.002,4.948,10751.266000000003,6.217593563640549,1.5170180620333409,1.8980571536053583e-05,-0.0004817057873654,2008-05-19 07:49:12.843,0.0568683507839505,0.083735413702951,17.458268333333333,B0007,135,1.4820775214392872,1.8806626717011388,0.7880613273930117,0.7880613273930117,33.0,-0.0085390637512197,0.789282886337618,0.004271359194138,0.0010499287746983,0.7966003911442314,0.008632629720389695,0.7893315529281778,0.004255317705911957,0.0016120416564417075
discharge,2008-05-20 06:12:06.265,24.0,488,6225,06225.csv,1.4771155312812152,,,3.47835437960934,0.2818515847566123,2.009424225590032,4.200086642861885,-1.8725486136074456,0.4670460159468524,-1.9932411647857315,0.0030467354150696,32.755748003791545,4.224926755149784,24.080433038145777,41.11877573165318,1.8827693811074917,0.4697358719757196,0.0004,2.0,2.4202671009771985,0.6471342844242325,0.0,4.216,2883.016,5.237249791138279,1.5012385247553297,-0.000301176591475,0.0050289031112242,4.170885773793107,0.0858800331280631,3.462285438762016,4.2146912830068315,0.5247779670071384,0.5952900438127804,-2.255906181220569,1.4965785683642263,25.775432615050978,1.6108359231441207,24.157896234124433,29.64944323132459,0.528069775924961,0.5981854601024328,-2.2697,1.4995,3.919915320479416,1.4903202926360573,0.002,4.948,10805.625,6.185241126547968,1.5069321686106878,1.7788234919239992e-05,-0.000400665223886,2008-05-20 05:40:03.000,0.0546567857524269,0.0819690564666934,0.5342402777777778,B0007,136,1.4771155312812152,1.8806626717011388,0.7854229009315646,0.7854229009315646,32.0,-0.002638426461447,0.7886797052326777,0.0046191426889479,2.4707729082085184e-05,0.7880613273930117,-0.008539063751219711,0.789282886337618,0.004271359194163922,0.0010499287746982846
discharge,2008-05-20 11:07:23.453,24.0,492,6229,06229.csv,1.4720772783056488,,,3.475694933923807,0.2821225408880851,2.0034792344341588,4.199758658258613,-1.8724613181992065,0.4676019056235758,-1.995591810750265,0.0021959636917793,32.52965474617847,4.271493224906279,23.77234297368613,40.980034990626955,1.8823869281045749,0.4704522878286843,0.0004,2.0,2.415506535947712,0.6472453457066962,0.0,4.215,2873.453,5.215196688731701,1.4961803118983437,-0.0003022049315893,0.0051006539729004,4.171489343593048,0.0849932567690116,3.461845869782442,4.2145829400294605,0.5227942136156173,0.5939367224383885,-2.2522363111364445,1.4970208910593144,25.502094661985332,1.6296973097136414,23.847987464888355,29.390818858325176,0.5259681533646323,0.5967380378410151,-2.2691,1.4995,3.912153364632237,1.498693104803098,0.002,4.948,10806.672,6.167999906385611,1.5022223944515614,1.7509244943171528e-05,-0.0004116453515256,2008-05-20 10:35:19.875,0.0585539628869158,0.0817127037862085,0.5343272222222222,B0007,137,1.4720772783056488,1.8806626717011388,0.7827439234352925,0.7827439234352925,31.0,-0.0026789774962721,0.7881592608655884,0.0051988577724725,-0.0021625166189765,0.7854229009315646,-0.0026384264614470743,0.7886797052326777,0.004619142688971812,2.4707729081955862e-05
discharge,2008-05-20 15:57:27.312,24.0,496,6233,06233.csv,1.472248013656454,,,3.481431873453954,0.2703184554504022,2.172988732474185,4.199843161074874,-1.8659419458758728,0.4798199080245358,-1.9935321227601952,0.0019190547671286,32.848065199041,4.229905234799717,24.13000363319517,41.017509953482886,1.8758522875816992,0.482506168348931,0.0004,2.0,2.411320261437909,0.6582986057218688,0.0,4.215,2874.031,5.2056982980811926,1.49101112606186,-0.0002930894159878,0.0050528733441115,4.1709391437180825,0.0854651914489029,3.4628007070501536,4.2146670379589235,0.5363274037711488,0.5948765085315637,-2.258114717902984,1.5051516404093634,25.63388341325256,1.5423524673538918,24.130355857836072,29.38694074929711,0.5397632483221477,0.5977398189800314,-2.2691,1.4995,4.0270963758389255,1.3609692490104126,0.002,4.948,10502.453,6.147383483489175,1.4969311043683926,1.838569673766955e-05,-0.00038363688643,2008-05-20 15:25:23.625,0.0582798533828209,0.0828220199551595,0.5343574999999999,B0007,138,1.472248013656454,1.8806626717011388,0.7828347081110211,0.7828347081110211,30.0,9.07846757285391e-05,0.7871326502030243,0.0057261905157599,-0.0032848770024139,0.7827439234352925,-0.002678977496272106,0.7881592608655884,0.005198857772493824,-0.0021625166189765507
discharge,2008-05-20 20:50:39.015,24.0,500,6237,06237.csv,1.4670106672274663,,,3.4796060336232353,0.2760443341294343,2.087464676179042,4.200352076636086,-1.865786095147701,0.4796371624062805,-1.9930538887372675,0.0021311239778481,33.072327061961936,4.223536418835768,24.398489581288885,41.299420742573055,1.8758535947712416,0.4825010876788368,0.0004,2.0,2.4112745098039214,0.6601929776827549,0.0,4.216,2874.234,5.204239647506824,1.4911721882360118,-0.0002973606349908,0.0050436713820901,4.1715299959864875,0.0850245614326847,3.466432952965466,4.2147482589232705,0.5251077757889828,0.5936136612955867,-2.2562328997373022,1.5018014613025368,25.93849484685867,1.557741742804012,24.444379429435767,29.73260028422372,0.5286513577643027,0.596569825615655,-2.2691,1.5,3.9627882942262063,1.438781682912194,0.002,4.948,10689.219,6.129052339584661,1.4926371349983312,1.7791468781781462e-05,-0.000384055265571,2008-05-20 20:18:35.187,0.0655433340131684,0.0871263036916229,0.5343966666666666,B0007,139,1.4670106672274663,1.8806626717011388,0.7800498671569279,0.7800498671569279,29.0,-0.0027848409540931,0.7838225454055635,0.0030372997707045,-0.0018611113292711,0.7828347081110211,9.07846757285391e-05,0.7871326502030243,0.005726190515779209,-0.0032848770024140397
discharge,2008-05-21 01:39:38.968,24.0,504,6241,06241.csv,1.461767249533538,,,3.47822589673296,0.2746745581820133,2.110564313669325,4.200169604165679,-1.865460584903751,0.4803629887383534,-1.996737767854495,0.0025488236883237,32.85096451719535,4.2315095942649,24.15787591865575,41.105738037939375,1.875446557377049,0.4832389722737746,0.0004,2.0,2.410508196721312,0.6605537573326311,0.0,4.216,2864.984,5.183086991629311,1.485866696530744,-0.0002973596378224,0.0050708635365807,4.170738157771229,0.0858901239482027,3.464968643287994,4.214695275380121,0.5382171193720412,0.5949318095289015,-2.256373893963063,1.4978759571001077,25.940545343617295,1.6245003722493334,24.247564392544408,29.774982060233484,0.5415650540540541,0.5977938971891724,-2.2691,1.4995,4.053897837837838,1.3223004813870434,0.002,4.948,10436.453999999998,6.125610253718194,1.491748930463982,1.866110124649705e-05,-0.0004188291595912,2008-05-21 01:07:35.140,0.0634370910506511,0.0896123973508008,0.5343966666666666,B0007,140,1.461767249533538,1.8806626717011388,0.777261797944502,0.777261797944502,28.0,-0.0027880692124259,0.7816626395158617,0.0031084934790561,-0.0019016262252489,0.7800498671569279,-0.0027848409540931485,0.7838225454055636,0.0030372997707409245,-0.001861111329271099
discharge,2008-05-21 06:24:27.281,24.0,508,6245,06245.csv,1.4566952670489708,,,3.4743233868367187,0.2773685437531875,2.0724687293779813,4.199911577879335,-1.865134613881632,0.4811567076590405,-1.9940890874950363,0.0015365248744252,32.57230232995455,4.272118524208809,23.833084099928943,40.87704013237699,1.8750368421052628,0.4839802295445835,0.0004,2.0,2.4068947368421054,0.6617455501400776,0.0,4.216,2855.093,5.159398601553586,1.4807852636482064,-0.0003001497320882,0.0051362316401354,4.170530612676785,0.0859343554335958,3.466044204993785,4.214624712705536,0.5490657293897764,0.5947331275701023,-2.2571590453370423,1.4975049405202117,25.68016594079399,1.641091924629047,23.94599325737671,29.49055196406919,0.5524054031587697,0.5976569910292987,-2.2697,1.4995,4.1324860072042116,1.207175563726296,0.002,4.948,10193.25,6.102473630824327,1.485663206657824,1.9296502629567527e-05,-0.0004353654625745,2008-05-21 05:52:23.000,0.064090710272644,0.0892312868292601,0.5345225,B0007,141,1.4566952670489708,1.8806626717011388,0.7745648855418226,0.7745648855418226,27.0,-0.0026969124026794,0.7794910364379133,0.0035815559732506,-0.0021930985953458,0.777261797944502,-0.0027880692124259143,0.7816626395158617,0.0031084934790916313,-0.0019016262252490115
discharge,2008-05-21 11:18:06.015,24.0,512,6249,06249.csv,1.451354972758956,,,3.4737305453330443,0.2735040903000701,2.1253826973270513,4.199564012073342,-1.858515986418667,0.4926088565466325,-1.993227289344662,0.0011522148915565,32.450684441760906,4.307107583090939,23.613836363374315,40.730219862268235,1.8684598684210527,0.4956811963242669,0.0004,2.0,2.396355263157895,0.6741755921503289,0.0,4.215,2855.625,5.139631324826036,1.475463006381773,-0.0002961274852133,0.0051779869242208,4.172971180189329,0.0831852783447866,3.4662552193383576,4.214658540157633,0.5190213642521984,0.590104438195529,-2.257554114506629,1.4978167888796985,25.300800520190855,1.6430144132205895,23.649232782523505,29.190163881380062,0.5224123784494087,0.5928961034615272,-2.2691,1.4995,3.960740341655715,1.4372096828206995,0.002,4.948,10733.703,6.089690845583159,1.482018102107702,1.7116405051836405e-05,-0.0004168977912338,2008-05-21 10:46:01.953,0.0649449108692077,0.0882787478820197,0.5344616666666666,B0007,142,1.451354972758956,1.8806626717011388,0.7717253043822815,0.7717253043822815,26.0,-0.002839581159541,0.777287312627311,0.0043804537474206,-0.0027703789072584,0.7745648855418226,-0.002696912402679441,0.7794910364379133,0.003581555973281479,-0.0021930985953459072
discharge,2008-05-21 16:10:21.203,24.0,516,6253,06253.csv,1.451615926257375,,,3.474812723214051,0.2741189658808238,2.1147331324879475,4.199951033620322,-1.8588972649148483,0.4928853646213694,-1.9966895581151056,0.0030918125678027,32.7394359440147,4.314471991597493,23.88537512458738,41.03226257370644,1.8684598684210527,0.4956811963242669,0.0004,2.0,2.395592105263158,0.6742147221150103,0.0,4.215,2855.594,5.142634517149567,1.4757262879778916,-0.0002967673561875,0.0051883108791098,4.173136529821085,0.0829980960238009,3.46829613962132,4.214670640009291,0.5212247354397452,0.5896657593486281,-2.255133153543163,1.4978496428150132,25.391998291850797,1.579835658366215,23.88564979897056,29.208672053167405,0.5249211446740859,0.5924736551741566,-2.2691,1.4995,3.997099894011659,1.3910906781604333,0.002,4.948,10647.812,6.067139363587177,1.4763114642372093,1.7273793178274816e-05,-0.0003934339975535,2008-05-21 15:38:16.546,0.0630912231503855,0.0906646821085215,0.5346269444444445,B0007,143,1.451615926257375,1.8806626717011388,0.7718640605251802,0.7718640605251802,25.0,0.0001387561428987,0.7750931831101429,0.003581917962251,-0.0021908106825715,0.7717253043822815,-0.0028395811595410825,0.777287312627311,0.004380453747445841,-0.0027703789072584984
discharge,2008-05-21 21:02:09.781,24.0,520,6257,06257.csv,1.4468161332173683,,,3.476096426841386,0.2707101067699333,2.1738445330859366,4.19995987158867,-1.8581969672334215,0.4936311001212133,-1.9930274022141452,0.0029628405126883,32.775898242252914,4.253460060290458,24.02342893757079,40.89527781087817,1.868025742574257,0.4964407774769719,0.0004,2.0,2.3981551155115515,0.6745424502529871,0.0,4.215,2847.437,5.127232456586971,1.4709153790366938,-0.0002952411820241,0.0051297814960537,4.172745325894311,0.0833985203104596,3.467241409467978,4.21472448455011,0.5227837242747636,0.5903732040001062,-2.256906167617702,1.5039358074189484,25.6831340414972,1.5805843093954608,24.08072880753596,29.453610291006044,0.5262198990435706,0.5932530113519004,-2.2691,1.4995,3.9843974495217855,1.4075638713454466,0.002,4.948,10621.235,6.064859165546712,1.475952447169895,1.740621460927191e-05,-0.0004009818276677,2008-05-21 20:30:05.343,0.0635675339735441,0.0903675648803086,0.5345661111111112,B0007,144,1.4468161332173683,1.8806626717011388,0.7693118787265885,0.7693118787265885,24.0,-0.0025521817985917,0.7729455854240749,0.0030460806654947,-0.0018600663452469,0.7718640605251802,0.00013875614289871052,0.7750931831101429,0.0035819179622818996,-0.0021908106825716924
discharge,2008-05-22 01:42:59.218,24.0,524,6261,06261.csv,1.4467570607768785,,,3.4686822529487804,0.2832693778438166,1.9947266977360072,4.200414702164272,-1.8581200056254088,0.4934164587081907,-1.9935942445664656,0.0006568763083351,32.5817324044051,4.322639954618495,23.75894434400727,41.02491521192672,1.868025742574257,0.4964407774769719,0.0004,2.0,2.39276897689769,0.6775984135125044,0.0,4.216,2847.36,5.11706837942724,1.4709004549454583,-0.0003041120874039,0.0052120488294331,4.171047565221992,0.0852878964420952,3.4691175130491394,4.214610406565265,0.555883023393749,0.59271652288045,-2.257868026922765,1.498673089786127,25.622119348419083,1.6489086654999572,23.84567015198834,29.4002159239623,0.5592959183673469,0.5956430733722639,-2.2691,1.4995,4.24169954648526,1.0085987863211523,0.002,4.935,9969.577999999994,6.046343518345375,1.471247633999765,1.9689497178805193e-05,-0.0004463770525609,2008-05-22 01:10:54.593,0.0635429724086598,0.0899370098322776,0.5346180555555555,B0007,145,1.4467570607768785,1.8806626717011388,0.7692804682873966,0.7692804682873966,23.0,-3.141043919185904e-05,0.7713493194926538,0.0021896060243681,-0.0012982260164544,0.7693118787265885,-0.002552181798591735,0.7729455854240749,0.003046080665531008,-0.0018600663452469689
discharge,2008-05-22 06:32:40.921,24.0,528,6265,06265.csv,1.4413797481446793,,,3.4661964701943586,0.2821947324675514,2.0033802121225017,4.199552965128597,-1.8577209868352305,0.4943028089733894,-1.994370314261552,0.0026276137551773,32.35021153014993,4.367565785231717,23.458006651239486,40.815968345794715,1.867588741721854,0.497203834177627,0.0004,2.0,2.389692052980133,0.6776913291602337,0.0,4.215,2837.328,5.093883026809433,1.4654719834406276,-0.0003041948594863,0.0052860436773253,4.1731997912013625,0.082820832674104,3.4657943900903527,4.214597262406814,0.5270829202942389,0.5890077372031407,-2.258617736872377,1.4959344632234537,25.24459175658463,1.6645669845464195,23.52218592740421,29.113406673153683,0.5304537799300512,0.591890582204145,-2.2691,1.4995,4.048363196125908,1.323145007029634,0.002,4.948,10501.094,6.047264566394127,1.4710418868762634,1.7529706999188263e-05,-0.0004341898419629,2008-05-22 06:00:35.953,0.0636275782678698,0.0924495924555913,0.5347133333333334,B0007,146,1.4413797481446793,1.8806626717011388,0.7664212034585077,0.7664212034585077,22.0,-0.0028592648288888,0.7697205830759908,0.0022282307568118,-0.0013191794085331,0.7692804682873966,-3.141043919185904e-05,0.7713493194926538,0.0021896060244186244,-0.001298226016454482
discharge,2008-05-22 11:23:22.187,24.0,532,6269,06269.csv,1.4362456252208178,,,3.468183423895935,0.2740329443201372,2.116470909151213,4.199706970400125,-1.8512458354075152,0.5055252635242714,-1.9938361784378096,0.0021315502195588,32.28754240914786,4.387918298052043,23.312450683066256,40.65138669632271,1.8609675496688736,0.5085804827397501,0.0004,2.0,2.3807483443708612,0.6884763792236553,0.0,4.215,2837.281,5.078538544844806,1.4603426985699886,-0.0002971736579044,0.0053098513521999,4.174045930624699,0.0818681345465833,3.4668131281524825,4.214627427143576,0.5218736168128815,0.5872085362356657,-2.2593509787883517,1.4965654749981268,25.02365948571139,1.6597935190671218,23.36352692425884,28.907801618466586,0.5252585404971932,0.5900527425398377,-2.2691,1.4995,4.053703822507351,1.3144063026010586,0.002,4.948,10570.735,6.03117061690935,1.4666904158354352,1.71080137508601e-05,-0.0004285422123451,2008-05-22 10:51:17.265,0.0659014874038333,0.090032670921428,0.5347005555555555,B0007,147,1.4362456252208178,1.8806626717011388,0.7636912492774013,0.7636912492774013,21.0,-0.0027299541811064,0.7681137720550149,0.0031338793641296,-0.0019236297763638,0.7664212034585077,-0.0028592648288888745,0.7697205830759909,0.002228230756861438,-0.0013191794085331422
discharge,2008-05-22 16:17:58.890,24.0,536,6273,06273.csv,1.4368154153924828,,,3.4678606629897453,0.2783171055410068,2.051877342511651,4.199300346769649,-1.8514531972432,0.5055032219238349,-1.9942060517882432,0.0003083819002708,32.603239183227075,4.3654701294274805,23.67192071435474,40.965385542419945,1.860968874172185,0.5085756374731126,0.0006,2.0,2.380629139072848,0.6897229899456185,0.0,4.215,2838.515,5.0808075003639335,1.4609352642646058,-0.0003003125487254,0.0052811852647016,4.174892211293496,0.0807241082949594,3.469423844237273,4.214620092853143,0.5078516215351652,0.5853001502797807,-2.256353178406088,1.4965438816810746,25.179508727208052,1.5785711953353865,23.678199536972524,28.99403425065165,0.5115061144499609,0.5881236741985828,-2.2691,1.4995,3.9397350405016978,1.4593265360023808,0.002,4.948,10804.765,6.006169610106539,1.4605094007039343,1.6206753558095935e-05,-0.0003897684954285,2008-05-22 15:45:53.515,0.0643487177606421,0.092833768730939,0.5348263888888889,B0007,148,1.4368154153924828,1.8806626717011388,0.7639942223624945,0.7639942223624945,20.0,0.0003029730850931,0.7665398044224777,0.002729649931492,-0.0016224531738183,0.7636912492774013,-0.002729954181106442,0.7681137720550149,0.0031338793641648714,-0.0019236297763638326
discharge,2008-05-22 20:59:50.203,24.0,540,6277,06277.csv,1.4362945145860049,,,3.4662499547181245,0.282385242428913,2.003221375307111,4.200086391757318,-1.8574211435317929,0.4949969475950789,-1.993515247147098,0.0028170347777114,32.61208344144242,4.37997105530099,23.703251528067923,41.11319128215138,1.867148837209302,0.4979703927612106,0.0004,2.0,2.3878870431893686,0.6783031353214715,0.0,4.216,2828.328,5.076716334479655,1.4603803768481924,-0.0003056437802514,0.0053187755088815,4.172379158512296,0.0837819959088396,3.467729347782864,4.214647181101116,0.5483523895533353,0.5898368233644191,-2.25840755446194,1.498180503502755,25.490818359886532,1.6253392439167946,23.780487539607,29.23623523004328,0.5519279030439684,0.5926958859323449,-2.2691,1.4995,4.240138105975197,1.0083190528702115,0.002,4.948,10037.5,6.006930661955177,1.460913231648439,1.901329067687555e-05,-0.0004365540856291,2008-05-22 20:27:44.765,0.0647690231569202,0.0912199045869158,0.5348438888888889,B0007,149,1.4362945145860049,1.8806626717011388,0.763717245095749,0.763717245095749,19.0,-0.0002769772667454,0.7654208776963098,0.0024406154503884,-0.0013553427479308,0.7639942223624945,0.00030297308509319443,0.7665398044224777,0.002729649931532522,-0.001622453173818365
discharge,2008-05-23 12:13:16.359,24.0,544,6281,06281.csv,1.4418575315878015,,,3.462469269360201,0.2818819841696324,1.9865974995249176,4.189989265375979,-1.857823928669184,0.4943078671975977,-1.99378580594933,0.0021921104214289,32.26742656599958,4.383264304717054,23.32719332912165,40.78738321989129,1.867588741721854,0.497203834177627,0.0004,2.0,2.3823311258278146,0.6756684962655521,0.0,4.206,2838.265,5.090821984413499,1.4659478953502345,-0.0003028077784827,0.0053041377090005,4.173774108358943,0.0817044924060131,3.4666311734732704,4.2146361817942335,0.5191813677586598,0.5875968780613532,-2.259097266720638,1.496567847421288,25.427226509947285,1.627305967686535,23.783156620293063,29.260162178612,0.5228322718758363,0.5904128702013881,-2.2691,1.4995,3.95199464811346,1.4502492172211523,0.002,4.948,10555.125,5.99576567804948,1.4581701594364371,1.6921015052145043e-05,-0.0004190113380046,2008-05-23 11:41:10.187,0.0635306909323588,0.0911672550374616,0.5350477777777778,B0007,150,1.4418575315878015,1.8806626717011388,0.7666752540388226,0.7666752540388226,18.0,0.0029580089430736,0.764899834846595,0.0015121183260869,5.340969789775496e-05,0.763717245095749,-0.00027697726674547063,0.7654208776963098,0.002440615450433736,-0.001355342747930808
discharge,2008-05-23 20:14:29.875,24.0,547,6284,06284.csv,1.4672063484781797,,,3.480518309485383,0.270428573348554,2.1908121182442706,4.202670619155847,-1.8658259561850363,0.4805485663838978,-1.9962132509416517,0.0023628760398125,32.637733704417855,4.214467261135465,23.97791363088396,40.73001188190229,1.8754472131147537,0.4832364280323651,0.0006,2.0,2.4111081967213113,0.6596245664173965,0.0,4.219,2864.547,5.187700169643942,1.4860167165609204,-0.0002953618093585,0.0050522167665739,4.176667622988601,0.0772708198596954,3.4769486106172556,4.214834925217452,0.5108276673272917,0.584130376292924,-2.2567865372680984,1.4970569660222035,25.255921086783268,1.4835193845635364,23.90544739681296,28.954663869279074,0.514403559277676,0.5869836474771224,-2.2691,1.4995,4.034916252289976,1.335098607346116,0.002,4.948,10807.328,6.047425203865191,1.4687572940491154,1.5569517121470614e-05,-0.000290685865937,2008-05-23 13:02:15.484,0.0642248117674788,0.087404820535234,7.2039975,B0007,151,1.4672063484781797,1.8806626717011388,0.7801539162528438,0.7801539162528438,17.0,0.0134786622140211,0.7676463774054623,0.0071028333129318,0.0035606365627213,0.7666752540388226,0.002958008943073631,0.764899834846595,0.001512118326160005,5.3409697897752606e-05
discharge,2008-05-24 01:09:21.562,24.0,551,6288,06288.csv,1.4518640367848883,,,3.4723137993738336,0.2802109931464831,2.033261415031626,4.199186500777735,-1.8647784241320744,0.4816733351722642,-1.993458887321793,0.0012510749735953,32.665258715232376,4.283289390084547,23.91927093515108,40.990354594470126,1.8746237623762376,0.4847274371027846,0.0004,2.0,2.4019966996699673,0.6625450853248538,0.0,4.215,2846.39,5.140778806030942,1.475938768183551,-0.0003036263852318,0.005167000455991,4.1723894854090275,0.0840847052026774,3.4579398064036844,4.2148256201936745,0.5186373641011148,0.5913825453330571,-2.2549548700674427,1.4989725765754875,25.59348621208872,1.605185373793705,23.98414811656303,29.42943562413917,0.5222827324973877,0.594284627415691,-2.2697,1.4995,3.952506269592476,1.4476691599135016,0.002,4.948,10790.062999999996,6.113015592300703,1.488296893728128,1.7250524822598574e-05,-0.0004006457237995,2008-05-24 00:37:15.656,0.0664364247968927,0.0867162456940854,0.5349738888888889,B0007,152,1.4518640367848883,1.8806626717011388,0.7719959877076819,0.7719959877076819,16.0,-0.0081579285451619,0.7693073250915183,0.0069152602893511,0.0032440201847469,0.7801539162528438,0.013478662214021164,0.7676463774054623,0.007102833312947381,0.0035606365627212522
discharge,2008-05-24 06:00:20.156,24.0,555,6292,06292.csv,1.44713797527485,,,3.474362108592906,0.2695426070546689,2.19135439601875,4.199638763972608,-1.8578958465335809,0.4944188415321409,-1.9936626344417872,0.0026139024713906,32.502652632323915,4.270076308909606,23.750323116940574,40.62521315513875,1.8675880794701984,0.4972063210436042,0.0004,2.0,2.394135761589404,0.674229723446977,0.0,4.216,2837.969,5.10765999483182,1.4659798857980384,-0.0002956423077735,0.0051682827834033,4.172439615550392,0.0839176147249542,3.4594478763053855,4.2146713937986995,0.5253361030002094,0.5912408294224413,-2.25880994914598,1.4967619414701203,25.51897802342435,1.639014278772526,23.832539592229104,29.365754863674997,0.5288769066666668,0.594138095036301,-2.2691,1.4995,4.010535733333333,1.3777852106151367,0.002,4.948,10574.641,6.067915973582999,1.4768988547766535,1.7672498959657272e-05,-0.0004225528446173,2008-05-24 05:28:14.078,0.0632981159900529,0.0883740485896972,0.5350216666666666,B0007,153,1.44713797527485,1.8806626717011388,0.7694830109888088,0.7694830109888088,15.0,-0.002512976718873,0.7704050828167812,0.0062661739579744,0.0016852265454978,0.7719959877076819,-0.008157928545161952,0.7693073250915183,0.006915260289367107,0.003244020184746928
discharge,2008-05-24 10:42:50.484,24.0,559,6296,06296.csv,1.441790586562399,,,3.4722823212388754,0.2699344065566691,2.1840705012733683,4.200028390360542,-1.8511947629213037,0.5056082033558461,-1.9935668796843673,0.0027107013781295,32.446842086875606,4.299125865852939,23.628172831563695,40.58944296824891,1.8609682119205293,0.5085780601126326,0.0004,2.0,2.383761589403974,0.6877205578408602,0.0,4.216,2838.156,5.085841638676288,1.4605685998191131,-0.0002946881449369,0.0052018012373934,4.171666582599625,0.0845857976894312,3.4642547434680373,4.2146109514153425,0.5482928652501677,0.5918792665751542,-2.2584783582795844,1.4964253891216397,25.42437424452934,1.6371606170667503,23.69298669556928,29.18156159876141,0.5518778557395454,0.5948441173414066,-2.2691,1.4995,4.202766488913836,1.085827809256724,0.002,4.948,10074.109,6.024466219226923,1.4657708935138645,1.9170484039153497e-05,-0.0004401075566655,2008-05-24 10:10:44.312,0.0614560121489692,0.0888955702865366,0.5350477777777778,B0007,154,1.441790586562399,1.8806626717011388,0.7666396575299911,0.7666396575299911,14.0,-0.0028433534588176,0.7709895653036296,0.0055857609062411,-0.0010742098281698,0.7694830109888088,-0.0025129767188730723,0.7704050828167812,0.006266173957992057,0.0016852265454978916
discharge,2008-05-24 15:31:10.593,24.0,563,6300,06300.csv,1.431630947911111,,,3.4701761898320465,0.2710858021641952,2.1664368343684446,4.199347098159206,-1.8509042611451945,0.5063097294204744,-1.9934697961408,0.0007252787010097,32.39361892904713,4.325115898670607,23.53981212995311,40.584393586876246,1.8605063122923584,0.509358929371278,0.0004,2.0,2.3803056478405313,0.6882832605684474,0.0,4.215,2829.843,5.065575565241511,1.455698194954976,-0.0002962047162638,0.0052496578212448,4.173308388953154,0.0826500908566974,3.466210100780912,4.214633074793416,0.5270265711463848,0.5889939611698011,-2.255748051528351,1.4984766757849677,25.283850691977545,1.6348701750471872,23.59651674656068,29.11061940894592,0.5305420054200543,0.5918764020451189,-2.2691,1.4995,4.050185094850948,1.323004619387804,0.002,4.948,10423.047,6.004460992923444,1.4605277304208897,1.7618022856070372e-05,-0.000426151369993,2008-05-24 14:59:04.171,0.0638237541245271,0.0901737804549904,0.5351172222222222,B0007,155,1.431630947911111,1.8806626717011388,0.761237498597311,0.761237498597311,13.0,-0.00540215893268,0.7699020142153273,0.0069888945140356,-0.0043189165488756,0.7666396575299911,-0.002843353458817699,0.7709895653036296,0.005585760906260877,-0.0010742098281697962
discharge,2008-05-24 20:21:13.437,24.0,567,6304,06304.csv,1.4318084249673686,,,3.4635011119445216,0.2832898045943784,1.987193667465448,4.199148920577739,-1.8508582746706244,0.5063070156205356,-1.9934414275491177,-0.000179521434056,32.417221778010834,4.3883223279882495,23.49802323358846,40.884444140401214,1.8605069767441864,0.5093565030120136,0.0006,2.0,2.375036544850498,0.6910355140808266,0.0,4.215,2829.625,5.057915257246365,1.455967902852534,-0.0003049468138328,0.0053276620922925,4.174003023265578,0.0817404682278735,3.4669149276247255,4.21461935257323,0.5195386971891812,0.5873395932492709,-2.2584636147375927,1.496392882388503,25.21951822982875,1.637711299446394,23.5601547870927,29.06555232624057,0.5230444504021449,0.5902270220451721,-2.2691,1.4995,4.006664075067024,1.380395122367814,0.002,4.948,10534.046,5.98697693071081,1.4560067086482285,1.7064474845107514e-05,-0.0004239600120335,2008-05-24 19:49:07.109,0.0645467994623144,0.090247979907766,0.5350911111111111,B0007,156,1.4318084249673686,1.8806626717011388,0.7613318680230078,0.7613318680230078,12.0,9.436942569673867e-05,0.7661376045693602,0.0048184695851193,-0.0029573751760845,0.761237498597311,-0.0054021589326800346,0.7699020142153273,0.0069888945140514054,-0.00431891654887563
discharge,2008-05-25 01:06:49.828,24.0,571,6308,06308.csv,1.4262562585106868,,,3.467453100453348,0.2734041808329979,2.1314172797434523,4.199648027535327,-1.8504182940365097,0.5071972807923033,-1.9940355259074865,0.001281010018485,32.40094040453025,4.3463556783787,23.52742809133315,40.65159637790841,1.8600413333333332,0.5101433747731013,0.0004,2.0,2.3778833333333336,0.6895463651722212,0.0,4.215,2819.437,5.042934270979153,1.450331183172271,-0.0002990297209929,0.005294951651713,4.173398722303291,0.0825685565490954,3.464270782504146,4.214701956762942,0.5339761745910122,0.5882641112827637,-2.256396613983185,1.497051706951649,25.266231486558603,1.6312858816770477,23.59598587810552,29.04585339751556,0.5375617801047121,0.5911937401785144,-2.2691,1.4995,4.141658032515845,1.1832345161710631,0.002,4.948,10266.812000000004,5.988058363983459,1.456128924808629,1.801058435911228e-05,-0.0004309952936386,2008-05-25 00:34:43.140,0.062496919860526,0.0911554578467061,0.5351911111111112,B0007,157,1.4262562585106868,1.8806626717011388,0.7583796286128112,0.7583796286128112,11.0,-0.0029522394101966,0.7634143327503861,0.0045181602317145,-0.0027514554258978,0.7613318680230078,9.436942569673867e-05,0.7661376045693601,0.004818469585142295,-0.002957375176084582
discharge,2008-05-25 05:57:17.890,24.0,575,6312,06312.csv,1.4260877528924911,,,3.4675864728547845,0.2695141803952856,2.188995882590831,4.1991931757384515,-1.8436892876926976,0.5181427821072656,-1.9937717858912956,0.0005356664506589,32.36314241861482,4.351714431704272,23.458033825865048,40.53138082339522,1.853376,0.5212140580964153,0.0004,2.0,2.3693,0.7016974300461227,0.0,4.215,2819.579,5.02354258517458,1.4448338084328112,-0.0002946830706806,0.0053006877959387,4.1746908334356565,0.0809704885324548,3.4669879191412143,4.214669612650231,0.5157693405738868,0.5855895115019988,-2.25866372505632,1.4973333834369935,25.207190052999604,1.6411614563634322,23.55242060245302,29.05618290210888,0.5192486363636364,0.5884620447424105,-2.2691,1.4995,4.015840106951871,1.3638124316656468,0.002,4.948,10568.109,5.966149581988348,1.4505847512754508,1.676214138167322e-05,-0.0004238986580886,2008-05-25 05:25:11.093,0.0633478734450752,0.0917263788119531,0.5352213888888889,B0007,158,1.4260877528924911,1.8806626717011388,0.7582900295471567,0.7582900295471567,10.0,-8.95990656544221e-05,0.7611757364620555,0.0033922024027266,-0.0019557125950168,0.7583796286128112,-0.002952239410196622,0.763414332750386,0.0045181602317390344,-0.002751455425897891
discharge,2008-05-25 10:51:37.015,24.0,579,6316,06316.csv,1.4212633510031694,,,3.462182535852444,0.2801600866578969,2.0322464946417114,4.199053572226856,-1.8498733070449755,0.507894137527647,-1.9938797141417293,0.0026041426376996,32.382600705235255,4.4093849536368666,23.438813900162128,40.821433488540606,1.8595739130434783,0.5109289895503571,0.0006,2.0,2.3717558528428095,0.6913763626566403,0.0,4.215,2810.672,5.018374205329639,1.4453753851880613,-0.0003046852199898,0.0053897992997382,4.175753535378941,0.0796838456822973,3.4689243884004695,4.214658147798891,0.502595244074321,0.5830681362307476,-2.257828874652089,1.4981440474450978,25.097670267805956,1.639031723114634,23.479425929496,28.98532286604206,0.5060860878661088,0.5859090256193947,-2.2691,1.4995,3.932604341004183,1.4663434374170503,0.002,4.948,10798.344,5.946741744770672,1.445573468588619,1.5865024625656984e-05,-0.0004160226291184,2008-05-25 10:19:30.093,0.0672937953995353,0.0887764223987608,0.5352561111111112,B0007,159,1.4212633510031694,1.8806626717011388,0.7557247625474358,0.7557247625474358,9.0,-0.0025652669997209,0.7589927574655445,0.0023483954761408,-0.0014067310575601,0.7582900295471567,-8.95990656544221e-05,0.7611757364620556,0.003392202402759233,-0.001955712595016833
discharge,2008-05-25 15:37:08.890,24.0,583,6320,06320.csv,1.4163272748795108,,,3.465962999117945,0.2708827931569411,2.1695130053947387,4.199879744716988,-1.843287720729204,0.5188324984812375,-1.9940053249383376,0.0009364024885806,32.4323818014572,4.376928450134194,23.504429518319206,40.643362943412974,1.852885618729097,0.5220158309730559,0.0004,2.0,2.3662809364548494,0.7024691340446289,0.0,4.215,2811.485,5.00602025669079,1.440433230251002,-0.000296624363286,0.0053481403545231,4.1743362834626305,0.0814596479152079,3.466506636972277,4.214699356594217,0.5288550946247552,0.5860597442626942,-2.256883229165372,1.497813105841087,25.242481368878632,1.6326722496941803,23.57521084692307,29.02814341192068,0.5324748486516235,0.5890015495589292,-2.2691,1.4995,4.141124656026417,1.1823479146301548,0.002,4.948,10279.047,5.94519828661599,1.4451689126833736,1.760345795350749e-05,-0.0004318600282295,2008-05-25 15:05:01.687,0.0657954604671003,0.0891371873470344,0.5353341666666667,B0007,160,1.4163272748795108,1.8806626717011388,0.7531001152898851,0.7531001152898851,8.0,-0.0026246472575507,0.7573652808040594,0.0031024511637068,-0.001911837153162,0.7557247625474358,-0.0025652669997209276,0.7589927574655445,0.0023483954761878887,-0.0014067310575601496
discharge,2008-05-25 20:23:04.453,24.0,587,6324,06324.csv,1.4165781829175994,,,3.4601727514874407,0.283205640150527,1.9917978280585305,4.1986801794397035,-1.8494580225090995,0.5087585272156275,-1.9936134940183787,0.0012154494508675,32.4886182994049,4.415256194230411,23.538505739106153,40.97063567014205,1.859102013422819,0.5117231026193125,0.0004,2.0,2.36960067114094,0.6929676321403335,0.0,4.215,2802.422,4.999351185861967,1.4407412714460883,-0.0003077463579674,0.0054128199712102,4.17450274333016,0.0810221187354353,3.4688337249306667,4.214609201644698,0.5256499143017735,0.58582390211786,-2.2572880389632104,1.4962269449989718,25.27607020296545,1.637733101035913,23.616071997985173,29.06882936597328,0.5293056868131868,0.5886850258522932,-2.2691,1.4995,4.079418131868132,1.2811294119723762,0.002,4.948,10299.39,5.920876011216986,1.4391345653725076,1.73470497349473e-05,-0.000431988791508,2008-05-25 19:50:54.953,0.067069037133108,0.0893174652975898,0.5359722222222222,B0007,161,1.4165781829175994,1.8806626717011388,0.7532335299856006,0.7532335299856006,7.0,0.0001334146957154,0.7557456131965778,0.0025846541238344,-0.0015482111511692,0.7531001152898851,-0.0026246472575507385,0.7573652808040594,0.003102451163742439,-0.0019118371531621334
discharge,2008-05-26 01:13:02.796,24.0,591,6328,06328.csv,1.4108401729425175,,,3.464226115253961,0.2718094069576828,2.1534486462617073,4.199235005181635,-1.8426221358637016,0.5198946086774101,-1.9932783787552537,0.0024889122249394,32.524062377970175,4.383646752360037,23.59680665310433,40.74888323397497,1.852392617449664,0.522818901055808,0.0004,2.0,2.364956375838926,0.7035116433472303,0.0,4.215,2801.625,4.984342512615656,1.434976426214854,-0.0002982640756847,0.0053752129157543,4.1753130763360495,0.0802101580836406,3.465165759249012,4.214693374791232,0.5138542905268656,0.5840020861457316,-2.256584666445211,1.4980457225416497,25.27314773582078,1.6403448200509136,23.62574611895189,29.11731427294074,0.5173827428878154,0.5867917719549436,-2.2691,1.4995,4.02808319914117,1.347065666306581,0.002,4.948,10543.077999999994,5.931994497871667,1.441786840269284,1.6554945538297298e-05,-0.0004256787901137,2008-05-26 00:40:52.859,0.0649094288936879,0.0907572748025285,0.5360936111111111,B0007,162,1.4108401729425175,1.8806626717011388,0.7501824724719789,0.7501824724719789,6.0,-0.0030510575136216,0.7541061819684114,0.003053423140866,-0.001870634671219,0.7532335299856006,0.0001334146957154836,0.7557456131965778,0.0025846541238771386,-0.0015482111511693462
discharge,2008-05-26 06:01:08.171,24.0,595,6332,06332.csv,1.4109949628347804,,,3.458799193390812,0.2815424871225148,2.0101572712330453,4.198950996279868,-1.8427098003104343,0.5196065660798355,-1.9936687629475545,0.0026875024090308,32.482615965621896,4.428070620096844,23.507102422227057,40.93461596721165,1.852392617449664,0.522818901055808,0.0004,2.0,2.3605906040268456,0.7056916309780932,0.0,4.215,2802.031,4.977882562770953,1.4351304036947048,-0.0003052658923934,0.0054286702786692,4.175376272483667,0.0800944606565855,3.468982709330772,4.214784840094762,0.5175996258024357,0.5836863053154548,-2.2565642169956748,1.4986798463917033,25.26421894976394,1.6495473808861605,23.58132484213155,29.085224991378187,0.5207969335142469,0.5865385794257492,-2.2691,1.4995,4.056995386702849,1.3075487882402896,0.002,4.948,10430.109,5.909690920194294,1.436140776351446,1.6773125200479416e-05,-0.0004344926170795,2008-05-26 05:28:58.109,0.0646846710686828,0.0912602372721357,0.5361283333333333,B0007,163,1.4109949628347804,1.8806626717011388,0.7502647785094155,0.7502647785094155,5.0,8.230603743664133e-05,0.7525011317608632,0.0023272537806151,-0.0013837610893946,0.7501824724719789,-0.003051057513621669,0.7541061819684114,0.003053423140902169,-0.001870634671219118
discharge,2008-05-26 10:44:38.468,24.0,599,6336,06336.csv,1.40617142903988,,,3.4620805499710854,0.2733820368325612,2.132718741006573,4.199393701075195,-1.842239518040086,0.5205366588751018,-1.9932378340066104,0.000994707873273,32.46389583182878,4.408949817284241,23.49103023425758,40.74175890345818,1.8518956228956227,0.5236280469923308,0.0004,2.0,2.3611683501683505,0.704260147599312,0.0,4.215,2793.39,4.964795253299911,1.4303254115437374,-0.0003002480668355,0.0054221352116129,4.174846886014505,0.080785584086229,3.467015249346346,4.214615943529673,0.5309148992955582,0.5845805496922375,-2.2553648076231005,1.499085917939726,25.247717236760785,1.6470014283159349,23.556813809814425,29.021049593818244,0.5341888703394546,0.5874372300345037,-2.2691,1.4995,4.179815804117974,1.1153214927962956,0.002,4.948,10154.094,5.908562692038267,1.4357105071270309,1.764858196080511e-05,-0.000442722208696,2008-05-26 10:12:28.125,0.0647660744068118,0.0933150676288513,0.5362063888888889,B0007,164,1.40617142903988,1.8806626717011388,0.7476999730993431,0.7476999730993431,4.0,-0.0025648054100724,0.7508961738712446,0.0023154006427206,-0.0013769035857268,0.7502647785094155,8.230603743664133e-05,0.7525011317608632,0.002327253780662624,-0.0013837610893946814
discharge,2008-05-26 15:30:43.968,24.0,603,6340,06340.csv,1.4063358479692922,,,3.457878294903451,0.2814693412732219,2.0114763339798887,4.198994975977764,-1.842252843487983,0.5205423339703975,-1.9929534332525367,0.002778008422878,32.55681404542561,4.442695390898806,23.555518771498985,41.00964443691023,1.8518936026936024,0.5236351897831891,0.0004,2.0,2.357814814814815,0.7060743344056964,0.0,4.215,2793.39,4.96017483505558,1.4304177760980343,-0.0003061407858291,0.005463830302162,4.175435464201437,0.0799433594257063,3.4689057995807477,4.21467109940894,0.5213157566666434,0.5832497593255777,-2.2577916800977387,1.4966121109424884,25.27414999815343,1.6390789816669185,23.60373200039277,29.067548735124177,0.525027587153445,0.5861407289610506,-2.2691,1.4995,4.107986000548998,1.2324195689940725,0.002,4.948,10316.906,5.885006190792573,1.42987021064384,1.699088133101181e-05,-0.0004335664057039,2008-05-26 14:58:33.218,0.064686462874031,0.0935717748030131,0.5363194444444445,B0007,165,1.4063358479692922,1.8806626717011388,0.7477873991603194,0.7477873991603194,3.0,8.742606097633665e-05,0.7498336306453315,0.0022697165261908,-0.0013374761023198,0.7476999730993431,-0.002564805410072424,0.7508961738712446,0.002315400642768326,-0.0013769035857269167
discharge,2008-05-26 20:21:04.921,24.0,607,6344,06344.csv,1.4004552399066514,,,3.461590937144894,0.2711287554522599,2.1610456063312298,4.198421699164089,-1.8356063485512333,0.5311150305328971,-1.997554904717948,0.0017032344350931,32.576296430484255,4.412579006003441,23.595817643467868,40.80558697887537,1.8451636363636363,0.5344219985015585,0.0004,2.0,2.3525319865319867,0.7166243678993183,0.0,4.215,2792.485,4.944160349782614,1.4245759097122876,-0.0002971197943667,0.005426950453215,4.176132306765161,0.0790931375772455,3.467195316855883,4.214631549235227,0.5081558344285677,0.5816043484837922,-2.2600518908021914,1.4961102905687302,25.294181907809836,1.643489645489381,23.650906238631592,29.14009489190413,0.5117377408993575,0.5844809664469782,-2.2691,1.4995,3.998336456102784,1.3838343714013646,0.002,4.948,10571.39,5.88676341518808,1.430271142664283,1.6104902637282258e-05,-0.0004267608503385,2008-05-26 19:48:54.421,0.0649252658383731,0.0913267326241943,0.53625,B0007,166,1.4004552399066514,1.8806626717011388,0.7446605183267027,0.7446605183267027,2.0,-0.0031268808336167,0.7481190283135519,0.0022972223550143,-0.0013521287639648,0.7477873991603194,8.742606097633665e-05,0.7498336306453315,0.002269716526239518,-0.0013374761023198167
discharge,2008-05-27 15:52:41.359,24.0,611,6348,06348.csv,1.4217865046055154,,,3.462906230864041,0.2816361889661913,2.0143553387267827,4.188887274283021,-1.8561013515700384,0.4974051152048578,-1.9933150584565904,0.0005141412894631,32.81804879809979,4.125296278923238,24.482611948371623,40.92586026351328,1.8658107382550333,0.5002938496444589,0.0004,2.0,2.3804194630872484,0.6791054779820401,0.0,4.205,2802.016,5.022533721006542,1.4458594275701884,-0.0003079828081157,0.0050569621110139,4.174585399778781,0.0810891425993406,3.469600501806624,4.214675827038261,0.5417902519385153,0.5843873431278954,-2.2572760258661715,1.496184203911228,25.43133573511163,1.6392911759996809,23.698143742646305,29.16287926072855,0.545494673539519,0.5873348449202886,-2.2691,1.4995,4.298297823596792,0.8715500135920401,0.002,4.948,9892.375,5.866132274539736,1.4251129626687673,1.842164083222117e-05,-0.0004500573971567,2008-05-27 00:27:55.562,0.0624252821602371,0.0898121432394471,15.412721388888889,B0007,167,1.4217865046055154,1.8806626717011388,0.7560029376876234,0.7560029376876234,1.0,0.0113424193609207,0.7492831213566807,0.0042494583287708,0.0008436863583775,0.7446605183267027,-0.0031268808336167853,0.7481190283135519,0.0022972223550623825,-0.001352128763964917
discharge,2008-05-27 20:45:42.125,24.0,613,6350,06350.csv,1.4324552720625434,,,3.4753580425264796,0.2747384382111585,2.1732119934933296,4.2050716026539625,-1.8574370794605968,0.4959113817178485,-2.0060375207298797,0.0016833616341213,32.92941193334214,3.919423534297815,24.737923198971707,40.57390100608222,1.866706,0.4987404798396322,0.0004,2.0,2.3909033333333336,0.6767852199840722,0.0,4.221,2820.39,5.076871747570432,1.4565465631206378,-0.0003038834956357,0.0047614140181071,4.175137102791437,0.0797194324499425,3.477083214921946,4.214613343848103,0.5350541433344616,0.5852080331832041,-2.258102044939049,1.499175589658487,25.138343976613974,1.4046636917044308,23.694854542404872,28.656686168389815,0.5391432297447281,0.5880400475767383,-2.2691,1.5,4.280021642619312,0.9143802523701472,0.002,4.948,10212.234,5.973103617158125,1.4509889065428183,1.7541042310118137e-05,-0.0002912261581493,2008-05-27 00:27:55.562,0.0624252821602371,0.0898121432394471,20.2962675,B0007,168,1.4324552720625434,1.8806626717011388,0.7616758143909068,0.7616758143909068,0.0,0.0056728767032834,0.7515653285329791,0.0070499011739378,0.0036167221110431,0.7560029376876234,0.01134241936092073,0.7492831213566807,0.0042494583287968025,0.0008436863583774613
