scenario,model,split,RMSE,MAE,R2
all_eligible,CNN_LSTM,test,20.783409284212713,14.439254761902376,0.4847732576400411
all_eligible,LSTM,test,26.87993364430152,20.443922746772458,0.1381708073994471
all_eligible,NaiveTrainMean,test,40.038283792278584,36.024409588816106,-0.9121226164094147
clean_benchmark,LSTM,test,23.745411755946353,17.433343749965,0.787892369179928
clean_benchmark,CNN_LSTM,test,30.7941275382068,23.35663116721932,0.643275702285063
clean_benchmark,NaiveTrainMean,test,52.087778185062376,43.12556766894979,-0.020630538280532074
nasa_classic_4,CNN_LSTM,test,24.269412004601666,20.276581539994194,0.7495641100508932
nasa_classic_4,LSTM,test,35.63299544451524,31.552329066253844,0.46013804450163953
nasa_classic_4,NaiveTrainMean,test,48.496563452132015,42.0,0.0
