battery_id,rows,RMSE,MAE,R2
B0029,40,16.94266189232698,10.276836669445037,-1.1542498679145843
B0030,40,20.403382351876225,11.926493966579438,-2.124187734373965
B0055,102,16.64729404739078,15.01571995604272,0.6803240674127
B0040,47,34.15704272232439,25.74749931376031,-5.340780026891727
B0038,47,33.34675400476293,31.887805056064686,-5.043510663391893
B0049,24,36.33389884915057,35.891925275325775,-26.55100068916564
