scenario,model,split,RMSE,MAE,R2
all_eligible,LSTM,test,0.09942901069916243,0.03917579347689221,0.776793386507989
all_eligible,CNN_LSTM,test,0.1009076726335721,0.043303579078883,0.7701051719902942
clean_benchmark,CNN_LSTM,test,0.00999340884539991,0.006234627394774638,0.980973323253901
clean_benchmark,LSTM,test,0.010025464221076334,0.006199618288819943,0.9808510655807701
nasa_classic_4,LSTM,test,0.01987011203390197,0.018665451944495242,0.9457710205136515
nasa_classic_4,CNN_LSTM,test,0.0865229560552858,0.07684549397700244,-0.028237639310375817
